GEOID,Geography,Population,Median age (years),Households,Kids Under 18,"Car, truck, or van - Mean travel time to work (minutes)",Public transportation - Mean travel time to work (minutes),Drove Alone,Carpooled, Public transportation (excluding taxicab),Bicycle,Walked,Other means,Worked at home,White ,Black or African American ,American Indian and Alaska Native ,Asian,Native Hawaiian and Other Pacific Islander ,Some other race alone, Two or more races,Median household income 
27003050107,"Census Tract 501.07, Anoka County, Minnesota",2875,34.2,1027,378,N,N,1336,105,11,0,8,0,81,2814,20,0,0,0,2,39,70938
27003050108,"Census Tract 501.08, Anoka County, Minnesota",4823,32.5,1725,591,N,N,2379,370,15,0,5,0,133,4509,7,0,109,0,25,173,62973
27003050109,"Census Tract 501.09, Anoka County, Minnesota",5070,40.3,1758,647,38.6,65.9,2680,217,39,0,0,0,92,4988,0,18,10,0,0,54,90435
27003050110,"Census Tract 501.10, Anoka County, Minnesota",2796,39.6,974,326,N,N,1484,272,12,0,7,8,84,2755,0,0,25,0,0,16,88264
27003050111,"Census Tract 501.11, Anoka County, Minnesota",3748,40.9,1360,450,N,N,1833,185,11,0,9,0,91,3666,0,0,0,0,0,82,82500
27003050114,"Census Tract 501.14, Anoka County, Minnesota",2742,43.3,986,282,N,N,1317,89,15,0,13,0,77,2666,42,0,0,0,7,27,79423
27003050115,"Census Tract 501.15, Anoka County, Minnesota",5403,37.9,1681,621,N,N,2605,173,10,0,20,0,212,4574,70,0,296,0,391,72,90799
27003050116,"Census Tract 501.16, Anoka County, Minnesota",4493,40.7,1529,520,N,N,2196,170,1,0,98,24,78,4239,22,52,45,0,128,7,80865
27003050208,"Census Tract 502.08, Anoka County, Minnesota",3279,35.4,1131,446,N,N,1595,117,41,0,19,20,129,3097,3,0,46,0,18,115,81343
27003050210,"Census Tract 502.10, Anoka County, Minnesota",3940,45.9,1510,371,N,N,1997,132,37,0,15,0,132,3908,0,0,20,0,12,0,79519
27003050215,"Census Tract 502.15, Anoka County, Minnesota",4105,40.5,1401,484,N,N,1846,111,38,0,0,5,133,3776,31,12,114,0,89,83,96659
27003050216,"Census Tract 502.16, Anoka County, Minnesota",5794,39.6,1842,891,N,N,2569,169,103,10,14,5,125,5581,1,7,102,0,14,89,105455
27003050217,"Census Tract 502.17, Anoka County, Minnesota",2862,39.7,939,303,N,N,1521,130,18,5,0,5,97,2641,0,0,115,0,15,91,92208
27003050218,"Census Tract 502.18, Anoka County, Minnesota",3206,42.7,1084,378,N,N,1683,153,13,0,0,0,36,3143,0,32,18,0,0,13,88333
27003050219,"Census Tract 502.19, Anoka County, Minnesota",2964,40.5,1035,393,26.9,42.1,1393,85,56,0,0,15,71,2801,0,1,9,0,53,100,88906
27003050220,"Census Tract 502.20, Anoka County, Minnesota",6630,37.2,2203,1008,N,N,3201,425,75,11,30,0,339,6103,166,0,169,0,0,192,86897
27003050221,"Census Tract 502.21, Anoka County, Minnesota",6837,35.1,2076,1025,N,N,3043,283,195,0,0,0,262,6493,73,0,122,17,4,128,98648
27003050222,"Census Tract 502.22, Anoka County, Minnesota",5493,37.1,1663,848,N,N,2838,195,97,0,9,9,143,4922,147,8,337,0,0,79,105938
27003050223,"Census Tract 502.23, Anoka County, Minnesota",2784,41.3,925,298,N,N,1337,175,94,0,0,0,116,2686,0,11,32,0,0,55,88490
27003050224,"Census Tract 502.24, Anoka County, Minnesota",2844,42.3,992,301,N,N,1499,142,38,0,12,0,53,2729,1,7,54,0,0,53,87794
27003050225,"Census Tract 502.25, Anoka County, Minnesota",6313,31.9,2061,833,N,N,2984,139,64,0,17,12,210,5756,160,0,250,0,0,147,92205
27003050226,"Census Tract 502.26, Anoka County, Minnesota",2936,36.7,985,430,N,N,1593,108,33,9,0,0,83,2655,16,0,157,3,24,81,80858
27003050227,"Census Tract 502.27, Anoka County, Minnesota",4394,36.2,1483,630,N,N,1907,143,108,12,9,7,160,3979,54,19,213,0,18,111,75982
27003050228,"Census Tract 502.28, Anoka County, Minnesota",5170,33.9,1799,702,30.8,54.8,2514,236,134,0,0,30,269,4316,265,25,316,0,128,120,80902
27003050229,"Census Tract 502.29, Anoka County, Minnesota",5578,37.2,1507,532,N,N,2098,203,58,12,7,19,49,4521,413,189,220,0,52,183,91913
27003050230,"Census Tract 502.30, Anoka County, Minnesota",2402,39.7,740,386,26.4,-,1152,75,0,0,0,0,53,2199,0,16,46,0,40,101,123542
27003050232,"Census Tract 502.32, Anoka County, Minnesota",3832,32.7,1238,585,N,N,1829,151,13,0,16,0,48,3610,0,0,155,0,30,37,79250
27003050233,"Census Tract 502.33, Anoka County, Minnesota",3016,38,1057,411,N,N,1544,50,51,8,27,0,127,2947,0,10,31,0,0,28,97964
27003050234,"Census Tract 502.34, Anoka County, Minnesota",2855,44,975,332,N,N,1348,74,25,0,42,5,104,2724,45,8,0,7,18,53,81292
27003050235,"Census Tract 502.35, Anoka County, Minnesota",2811,41.9,1059,314,N,N,1415,153,33,9,10,0,37,2660,0,36,88,0,27,0,69135
27003050236,"Census Tract 502.36, Anoka County, Minnesota",4318,39.9,1347,658,N,N,2174,178,126,0,8,9,211,4077,0,0,102,0,89,50,121453
27003050237,"Census Tract 502.37, Anoka County, Minnesota",5357,37.6,1885,803,N,N,2662,88,43,0,0,7,140,5077,50,13,42,0,41,134,94179
27003050401,"Census Tract 504.01, Anoka County, Minnesota",2778,40.4,1090,376,N,N,1362,138,0,11,25,29,63,2478,171,35,0,0,0,94,51890
27003050402,"Census Tract 504.02, Anoka County, Minnesota",3620,41.7,1709,470,N,N,1711,172,28,0,24,17,36,3267,192,0,120,0,11,30,43942
27003050501,"Census Tract 505.01, Anoka County, Minnesota",3294,41.6,1453,249,25.8,55.2,1057,146,25,0,20,56,131,2830,215,58,35,0,19,137,43378
27003050504,"Census Tract 505.04, Anoka County, Minnesota",2458,42.7,1103,309,N,N,1077,114,63,15,83,0,30,2229,65,14,21,0,119,10,48139
27003050505,"Census Tract 505.05, Anoka County, Minnesota",5052,35.8,1892,620,26.6,44.3,2161,261,68,25,67,14,67,4317,488,39,14,0,7,187,50979
27003050602,"Census Tract 506.02, Anoka County, Minnesota",2603,33.9,912,314,N,N,1105,156,54,0,13,6,25,2085,338,0,93,0,20,67,53939
27003050605,"Census Tract 506.05, Anoka County, Minnesota",5195,37.9,2044,607,N,N,2379,236,123,0,72,2,82,4532,187,42,146,0,123,165,63468
27003050606,"Census Tract 506.06, Anoka County, Minnesota",2105,39,821,214,N,N,798,118,60,4,15,0,24,1673,238,85,52,0,17,40,48194
27003050607,"Census Tract 506.07, Anoka County, Minnesota",4930,33.6,1843,518,23.3,43.1,2234,277,164,0,86,15,36,4220,173,118,94,0,207,118,53097
27003050608,"Census Tract 506.08, Anoka County, Minnesota",4454,35.2,1917,548,N,N,2254,173,114,20,18,0,61,3539,309,42,258,0,257,49,49179
27003050609,"Census Tract 506.09, Anoka County, Minnesota",3247,40,1356,308,N,N,1703,59,66,0,11,0,43,3108,36,25,16,0,1,61,77759
27003050610,"Census Tract 506.10, Anoka County, Minnesota",6681,35.4,2462,865,N,N,3725,354,130,0,31,45,96,5903,214,0,200,0,80,284,72813
27003050702,"Census Tract 507.02, Anoka County, Minnesota",3036,40.8,1231,299,N,N,1626,157,25,0,0,16,54,2759,109,5,68,0,0,95,61641
27003050704,"Census Tract 507.04, Anoka County, Minnesota",4863,39.4,1778,511,N,N,2422,190,29,0,0,16,61,4355,156,59,102,0,57,134,66894
27003050706,"Census Tract 507.06, Anoka County, Minnesota",3739,30.2,1341,536,N,N,1485,112,89,0,7,21,41,2895,303,52,185,0,35,269,47371
27003050707,"Census Tract 507.07, Anoka County, Minnesota",6260,41.6,2116,749,27.3,53.2,3075,324,78,0,0,0,138,5517,263,0,269,0,0,211,100991
27003050709,"Census Tract 507.09, Anoka County, Minnesota",2305,48.8,1086,219,22.6,44.1,1135,102,45,0,0,16,25,2006,78,0,79,0,60,82,54516
27003050710,"Census Tract 507.10, Anoka County, Minnesota",3539,38.6,1402,347,N,N,1659,168,79,9,49,7,37,3178,194,3,70,0,0,94,54412
27003050711,"Census Tract 507.11, Anoka County, Minnesota",4591,39.5,1730,523,N,N,2548,248,102,0,42,0,87,3888,417,0,186,0,0,100,85270
27003050712,"Census Tract 507.12, Anoka County, Minnesota",4261,36.6,1691,534,24.3,32.7,2098,150,54,0,43,0,54,3673,148,42,107,0,0,291,64093
27003050805,"Census Tract 508.05, Anoka County, Minnesota",6581,36.9,2298,784,28.9,38.9,3285,247,158,45,0,0,77,5499,457,20,382,0,66,157,71833
27003050806,"Census Tract 508.06, Anoka County, Minnesota",6489,33,2371,911,N,N,3271,284,86,0,17,17,59,5160,395,46,687,0,0,201,68770
27003050807,"Census Tract 508.07, Anoka County, Minnesota",3131,40.3,1257,303,N,N,1471,111,42,0,15,0,65,2468,203,83,205,0,0,172,56656
27003050808,"Census Tract 508.08, Anoka County, Minnesota",2168,40.1,846,212,N,N,1021,108,61,0,33,0,33,1939,67,0,6,0,9,147,61429
27003050809,"Census Tract 508.09, Anoka County, Minnesota",6100,35.3,2158,725,N,N,3033,356,66,0,0,24,15,4907,52,109,656,0,274,102,61429
27003050810,"Census Tract 508.10, Anoka County, Minnesota",4010,44.1,1827,343,N,N,2138,230,23,0,9,0,12,3359,207,77,232,0,102,33,51709
27003050811,"Census Tract 508.11, Anoka County, Minnesota",2728,40.9,1119,259,N,N,1237,207,48,0,10,0,55,2226,90,0,157,0,237,18,60876
27003050813,"Census Tract 508.13, Anoka County, Minnesota",6745,33.2,2305,954,N,N,3239,178,110,4,0,1,137,5458,262,0,354,20,204,447,70188
27003050816,"Census Tract 508.16, Anoka County, Minnesota",4444,40.2,1525,520,N,N,2411,181,78,0,17,0,43,3902,223,19,170,0,22,108,98036
27003050818,"Census Tract 508.18, Anoka County, Minnesota",4985,32.9,1778,790,N,N,2321,156,242,0,0,0,138,4304,32,79,484,0,0,86,100720
27003050819,"Census Tract 508.19, Anoka County, Minnesota",3850,37.6,1298,606,N,N,1762,131,82,0,29,0,128,3028,215,0,565,0,0,42,124139
27003050820,"Census Tract 508.20, Anoka County, Minnesota",3200,35.9,1161,471,N,N,1514,96,43,0,23,19,36,2878,48,0,214,0,0,60,90972
27003050821,"Census Tract 508.21, Anoka County, Minnesota",4864,34.4,1938,901,N,N,2296,195,14,13,0,0,152,3922,98,0,690,23,0,131,87444
27003050901,"Census Tract 509.01, Anoka County, Minnesota",2019,34.7,769,274,N,N,910,146,35,0,16,5,27,1788,56,15,63,0,0,97,49961
27003050902,"Census Tract 509.02, Anoka County, Minnesota",4935,39.4,1964,538,N,N,2669,379,85,11,9,0,102,4384,36,24,289,0,0,202,72988
27003051001,"Census Tract 510.01, Anoka County, Minnesota",2749,38.7,1132,345,N,N,1040,136,62,22,8,0,57,2178,203,26,119,0,34,189,49444
27003051002,"Census Tract 510.02, Anoka County, Minnesota",3505,43.9,1429,310,22.9,48.1,1474,127,88,27,47,0,37,2975,92,8,132,0,93,205,51902
27003051101,"Census Tract 511.01, Anoka County, Minnesota",4831,35.6,2075,594,N,N,2067,254,123,38,109,0,76,3908,359,0,293,0,14,257,56289
27003051102,"Census Tract 511.02, Anoka County, Minnesota",4475,38.8,1616,495,23.1,29.4,1727,370,123,30,44,0,46,3152,496,6,285,0,315,221,54837
27003051103,"Census Tract 511.03, Anoka County, Minnesota",3590,32.5,1312,407,N,N,1481,145,91,8,124,1,22,2275,770,0,229,0,184,132,67697
27003051201,"Census Tract 512.01, Anoka County, Minnesota",3706,29.9,1593,398,N,N,1569,289,92,6,33,8,10,2301,875,82,154,0,170,124,42927
27003051202,"Census Tract 512.02, Anoka County, Minnesota",3243,40.7,1297,281,N,N,1407,185,13,0,33,0,37,2640,267,6,74,0,118,138,49526
27003051203,"Census Tract 512.03, Anoka County, Minnesota",5291,41.3,2208,484,N,N,2486,438,118,0,50,12,170,4167,674,64,78,0,13,295,65607
27003051206,"Census Tract 512.06, Anoka County, Minnesota",2358,37.4,953,214,N,N,1124,156,69,0,16,0,9,1331,362,78,467,0,45,75,49766
27003051302,"Census Tract 513.02, Anoka County, Minnesota",3807,39.2,1527,345,N,N,1665,144,170,0,8,0,10,2758,365,0,376,2,174,132,49330
27003051304,"Census Tract 513.04, Anoka County, Minnesota",2412,35.9,972,249,N,N,1163,154,94,0,36,6,39,1831,197,22,0,0,285,77,47016
27003051305,"Census Tract 513.05, Anoka County, Minnesota",3211,37.3,1272,408,N,N,1112,181,151,9,56,4,43,1738,341,12,417,0,528,175,39700
27003051400,"Census Tract 514, Anoka County, Minnesota",4953,33.8,2036,575,24.1,44.5,2134,319,191,24,127,20,100,3264,1010,110,73,0,304,192,55543
27003051501,"Census Tract 515.01, Anoka County, Minnesota",3283,42,1367,341,N,N,1101,120,152,0,7,8,27,1750,1181,32,58,0,133,129,37446
27003051502,"Census Tract 515.02, Anoka County, Minnesota",2767,41.9,1227,263,N,N,1238,106,116,13,8,0,83,2096,482,8,90,0,7,84,53798
27003051600,"Census Tract 516, Anoka County, Minnesota",5205,41.8,1862,538,N,N,2577,256,46,0,0,11,93,5107,0,28,12,0,10,48,75400
27019090100,"Census Tract 901, Carver County, Minnesota",5862,37.5,2261,689,N,N,2790,95,15,9,63,6,140,5623,37,12,51,0,16,123,72571
27019090200,"Census Tract 902, Carver County, Minnesota",4047,35.2,1428,545,N,N,2084,131,5,2,67,15,111,3865,7,13,47,0,38,77,76724
27019090301,"Census Tract 903.01, Carver County, Minnesota",6923,43.2,2766,889,N,N,2893,227,6,0,83,3,381,6817,0,0,0,0,9,97,71000
27019090302,"Census Tract 903.02, Carver County, Minnesota",5358,30.9,1720,947,N,N,2723,218,16,0,22,0,154,5031,69,5,0,25,43,185,101071
27019090401,"Census Tract 904.01, Carver County, Minnesota",4978,36.2,1563,609,N,N,2063,151,55,13,51,21,366,4764,4,6,172,0,10,22,124837
27019090402,"Census Tract 904.02, Carver County, Minnesota",5729,38.1,1833,980,N,N,2551,120,43,0,23,20,225,5496,4,5,139,0,0,85,116950
27019090501,"Census Tract 905.01, Carver County, Minnesota",2457,39.4,805,385,N,N,1012,27,29,0,13,20,68,2428,0,0,29,0,0,0,123482
27019090502,"Census Tract 905.02, Carver County, Minnesota",3117,34.8,998,539,N,N,1235,31,21,10,0,0,86,2552,56,0,379,0,20,110,132027
27019090503,"Census Tract 905.03, Carver County, Minnesota",2701,39.8,933,422,N,N,1152,44,68,10,4,0,135,2568,31,0,70,0,28,4,120046
27019090601,"Census Tract 906.01, Carver County, Minnesota",4054,40,1593,592,N,N,1990,153,73,0,36,0,117,3654,0,0,294,0,72,34,84356
27019090602,"Census Tract 906.02, Carver County, Minnesota",2924,37.8,949,445,22.4,69.4,1410,63,24,0,0,0,141,2816,0,15,93,0,0,0,118839
27019090701,"Census Tract 907.01, Carver County, Minnesota",6417,41.7,2466,937,N,N,3204,124,100,20,43,18,356,5750,130,0,376,0,17,144,89828
27019090702,"Census Tract 907.02, Carver County, Minnesota",2282,37.3,770,380,N,N,1004,82,34,5,4,12,84,2061,14,0,167,0,3,37,133750
27019090800,"Census Tract 908, Carver County, Minnesota",8121,37.8,3252,966,N,N,4471,209,25,87,41,16,286,7427,121,24,274,0,89,186,82500
27019090900,"Census Tract 909, Carver County, Minnesota",5755,36,2061,846,N,N,2772,174,70,9,18,9,244,5502,16,29,102,0,36,70,90156
27019091000,"Census Tract 910, Carver County, Minnesota",9955,32.7,3659,1563,N,N,4621,584,157,0,8,0,273,8769,293,20,125,49,313,386,60279
27019091100,"Census Tract 911, Carver County, Minnesota",6057,36,1991,874,N,N,2810,171,75,37,33,7,319,5406,196,2,126,0,0,327,99122
27019091201,"Census Tract 912.01, Carver County, Minnesota",4783,39.1,1783,586,N,N,2241,262,36,6,77,24,85,4209,33,4,12,0,417,108,65625
27019091202,"Census Tract 912.02, Carver County, Minnesota",2692,36.7,982,370,N,N,1387,141,0,0,46,0,89,2586,4,28,29,0,5,40,78333
27037060101,"Census Tract 601.01, Dakota County, Minnesota",3849,36.9,1475,478,N,N,1654,147,132,0,71,16,51,2835,313,16,221,0,173,291,55096
27037060102,"Census Tract 601.02, Dakota County, Minnesota",2648,38.5,1177,306,N,N,1253,55,51,6,31,27,34,2396,46,0,26,0,59,121,50458
27037060103,"Census Tract 601.03, Dakota County, Minnesota",2513,44.4,1031,299,N,N,1134,83,27,0,10,11,34,2290,9,0,102,0,71,41,81758
27037060104,"Census Tract 601.04, Dakota County, Minnesota",5554,42.3,2639,560,19.7,33.6,1776,291,133,0,19,75,240,4008,429,0,254,0,410,453,38459
27037060105,"Census Tract 601.05, Dakota County, Minnesota",5126,33.5,2186,586,N,N,1821,255,128,13,29,29,34,3750,580,0,42,0,489,265,35861
27037060201,"Census Tract 602.01, Dakota County, Minnesota",2803,34.6,1031,292,N,N,1364,218,10,0,8,0,66,2366,54,0,113,0,115,155,67599
27037060202,"Census Tract 602.02, Dakota County, Minnesota",3550,38.7,1494,503,20.9,26.6,1688,255,60,10,37,29,47,3132,257,25,45,0,0,91,49737
27037060301,"Census Tract 603.01, Dakota County, Minnesota",4257,35.8,1953,484,N,N,1858,187,24,9,44,7,120,3415,285,43,8,36,255,215,41580
27037060302,"Census Tract 603.02, Dakota County, Minnesota",3732,36,1471,355,N,N,1637,122,100,0,13,57,71,3293,7,0,82,0,305,45,61121
27037060401,"Census Tract 604.01, Dakota County, Minnesota",2549,32.6,1009,373,N,N,1335,176,70,0,14,0,56,2104,62,0,0,0,196,187,59438
27037060402,"Census Tract 604.02, Dakota County, Minnesota",3248,37.7,1338,397,N,N,1527,77,61,9,12,1,18,2544,286,13,107,0,184,114,56630
27037060502,"Census Tract 605.02, Dakota County, Minnesota",4338,39.3,1789,449,21.3,45.3,1978,288,46,0,26,12,98,3740,88,0,89,0,291,130,56544
27037060503,"Census Tract 605.03, Dakota County, Minnesota",4916,41.3,1912,623,N,N,2398,453,80,10,33,48,99,4160,229,42,49,0,330,106,54342
27037060505,"Census Tract 605.05, Dakota County, Minnesota",5541,29.1,2301,770,N,N,2343,256,196,0,73,56,120,3999,536,3,267,0,545,191,48438
27037060506,"Census Tract 605.06, Dakota County, Minnesota",5847,41.7,2495,640,N,N,2882,292,13,0,212,0,136,4872,262,299,228,0,32,154,68508
27037060507,"Census Tract 605.07, Dakota County, Minnesota",3480,44.8,1364,308,N,N,1763,151,26,0,56,0,56,3105,113,0,114,0,41,107,67917
27037060508,"Census Tract 605.08, Dakota County, Minnesota",5741,38.7,1862,805,N,N,2655,243,53,0,39,22,159,5286,33,13,300,0,10,99,119071
27037060509,"Census Tract 605.09, Dakota County, Minnesota",5133,43.1,2197,494,N,N,2703,152,69,0,25,0,88,4238,173,0,397,0,199,126,66648
27037060603,"Census Tract 606.03, Dakota County, Minnesota",4351,49.3,1696,492,N,N,1888,202,8,52,11,1,89,4050,53,1,121,0,92,34,120833
27037060604,"Census Tract 606.04, Dakota County, Minnesota",3426,55.2,1552,297,N,N,1552,99,8,9,42,0,84,3310,0,2,58,0,6,50,88750
27037060605,"Census Tract 606.05, Dakota County, Minnesota",1571,43.7,626,167,N,N,649,41,51,5,8,12,61,1385,77,0,44,0,32,33,66875
27037060606,"Census Tract 606.06, Dakota County, Minnesota",2751,47.4,1166,290,N,N,1433,141,12,0,13,0,93,2474,21,34,109,0,75,38,84138
27037060709,"Census Tract 607.09, Dakota County, Minnesota",5862,32.8,2036,974,N,N,3008,510,85,0,11,0,229,4136,679,11,250,0,578,208,84494
27037060710,"Census Tract 607.10, Dakota County, Minnesota",3602,35.3,1446,444,N,N,1797,113,41,30,39,11,54,2766,365,53,149,0,117,152,56500
27037060711,"Census Tract 607.11, Dakota County, Minnesota",4351,37.5,1990,304,N,N,1907,35,129,59,72,16,11,3136,935,0,0,0,65,215,47244
27037060713,"Census Tract 607.13, Dakota County, Minnesota",3107,41.7,1166,349,N,N,1512,65,120,0,10,0,102,2628,197,19,105,0,62,96,86850
27037060714,"Census Tract 607.14, Dakota County, Minnesota",4567,37.9,1781,453,N,N,2338,208,90,0,65,8,117,3720,218,0,232,0,297,100,82228
27037060716,"Census Tract 607.16, Dakota County, Minnesota",3915,33.9,1443,527,25.1,39,1940,222,81,11,126,8,79,3130,67,21,486,0,125,86,90069
27037060717,"Census Tract 607.17, Dakota County, Minnesota",2194,33.3,851,331,N,N,1183,181,44,0,34,12,89,1770,24,4,332,0,31,33,84338
27037060721,"Census Tract 607.21, Dakota County, Minnesota",2671,32.4,1288,243,N,N,1554,118,204,0,0,0,21,2038,149,12,183,175,9,105,62368
27037060725,"Census Tract 607.25, Dakota County, Minnesota",3724,34.5,1688,497,N,N,1955,256,58,10,0,0,53,2753,411,10,203,10,197,140,62105
27037060726,"Census Tract 607.26, Dakota County, Minnesota",2702,36.1,1312,264,N,N,1448,33,73,15,7,1,62,1879,337,30,347,0,59,50,66753
27037060727,"Census Tract 607.27, Dakota County, Minnesota",2998,34.7,1389,351,N,N,1364,144,82,0,63,13,46,2135,144,0,651,0,0,68,67364
27037060728,"Census Tract 607.28, Dakota County, Minnesota",4649,37.2,1864,564,N,N,2459,283,77,19,1,6,113,3654,264,0,509,0,76,146,86146
27037060729,"Census Tract 607.29, Dakota County, Minnesota",4021,45.5,1507,498,N,N,1889,33,52,0,6,0,181,3448,93,0,363,0,16,101,121042
27037060730,"Census Tract 607.30, Dakota County, Minnesota",6418,36.1,2018,1068,N,N,3072,92,32,11,10,1,209,5735,83,35,233,0,227,105,119096
27037060731,"Census Tract 607.31, Dakota County, Minnesota",4655,41.3,1646,644,N,N,2340,112,67,11,0,12,129,4394,40,0,58,0,0,163,125444
27037060732,"Census Tract 607.32, Dakota County, Minnesota",5586,38.3,1789,868,N,N,2798,138,94,0,18,7,164,4808,318,51,297,0,9,103,129241
27037060733,"Census Tract 607.33, Dakota County, Minnesota",4004,35.7,1667,496,N,N,1788,171,44,7,14,8,201,3377,235,8,186,0,0,198,72974
27037060734,"Census Tract 607.34, Dakota County, Minnesota",4330,43.5,1650,506,N,N,2347,158,188,0,7,0,74,3751,34,24,302,0,77,142,103438
27037060735,"Census Tract 607.35, Dakota County, Minnesota",4904,37.1,2038,628,N,N,2633,246,73,24,34,33,90,3620,516,75,473,0,61,159,66351
27037060737,"Census Tract 607.37, Dakota County, Minnesota",4871,37.5,2278,536,N,N,2433,101,201,0,0,0,48,3314,635,67,363,0,267,225,54306
27037060738,"Census Tract 607.38, Dakota County, Minnesota",3281,35.4,1305,358,22.8,36.5,1493,124,74,4,0,11,19,2263,175,6,257,0,506,74,59458
27037060739,"Census Tract 607.39, Dakota County, Minnesota",5580,35.6,2031,656,26.3,43.8,2569,264,30,16,0,93,89,4015,408,9,432,0,677,39,59202
27037060741,"Census Tract 607.41, Dakota County, Minnesota",6916,33.2,2862,646,N,N,3493,208,119,0,38,73,194,5334,599,0,386,0,279,318,59036
27037060742,"Census Tract 607.42, Dakota County, Minnesota",3638,46.7,1327,408,23.2,37.1,1829,209,100,0,0,13,165,3330,162,0,123,0,0,23,102179
27037060743,"Census Tract 607.43, Dakota County, Minnesota",1440,29.9,570,243,N,N,720,57,25,0,0,13,0,914,302,0,98,0,0,126,46786
27037060744,"Census Tract 607.44, Dakota County, Minnesota",1537,43.3,569,216,N,N,753,6,22,2,9,0,38,1175,164,38,136,0,0,24,105156
27037060745,"Census Tract 607.45, Dakota County, Minnesota",4332,38.2,1798,400,N,N,1961,175,121,0,11,15,61,2788,867,0,319,0,169,189,50424
27037060746,"Census Tract 607.46, Dakota County, Minnesota",3561,35.6,1493,424,N,N,1483,76,87,0,13,10,85,3182,249,0,0,0,56,74,51884
27037060747,"Census Tract 607.47, Dakota County, Minnesota",3982,33.7,1565,501,N,N,1655,217,59,0,38,26,26,2638,1042,0,250,0,0,52,60033
27037060748,"Census Tract 607.48, Dakota County, Minnesota",3409,36.3,1367,392,N,N,1666,86,73,0,21,9,68,2451,547,79,164,0,28,140,71616
27037060749,"Census Tract 607.49, Dakota County, Minnesota",1541,39.9,815,127,N,N,874,33,52,0,10,0,17,1224,59,13,171,0,20,54,56116
27037060750,"Census Tract 607.50, Dakota County, Minnesota",3764,36.6,1815,355,N,N,1984,156,51,0,1,0,94,2694,618,14,189,0,200,49,50792
27037060805,"Census Tract 608.05, Dakota County, Minnesota",3300,33.4,1313,413,N,N,1665,247,110,0,0,10,22,2363,238,37,360,0,215,87,39710
27037060806,"Census Tract 608.06, Dakota County, Minnesota",5463,42.1,2090,624,N,N,2719,189,61,0,0,16,105,5038,99,33,48,0,0,245,109394
27037060811,"Census Tract 608.11, Dakota County, Minnesota",5234,41,2084,602,N,N,2590,148,150,0,24,8,114,4252,468,20,266,0,0,228,76688
27037060812,"Census Tract 608.12, Dakota County, Minnesota",6023,37.3,2138,787,N,N,2704,227,104,50,29,4,205,4751,830,0,85,0,114,243,73716
27037060813,"Census Tract 608.13, Dakota County, Minnesota",4757,42.1,1730,631,25.5,42.9,2180,120,85,0,54,0,153,4013,36,0,187,0,383,138,92083
27037060814,"Census Tract 608.14, Dakota County, Minnesota",6224,37.5,2127,932,N,N,3313,246,56,0,17,37,169,5532,59,0,355,0,206,72,103835
27037060815,"Census Tract 608.15, Dakota County, Minnesota",4754,39.6,1635,665,N,N,2113,203,34,7,18,0,164,4301,48,0,231,0,27,147,108958
27037060816,"Census Tract 608.16, Dakota County, Minnesota",5823,34.5,1652,1009,N,N,2630,171,99,0,9,33,202,5425,96,6,241,0,25,30,127093
27037060817,"Census Tract 608.17, Dakota County, Minnesota",7829,32.8,2635,1140,N,N,3965,406,128,0,0,9,120,6675,540,0,474,0,32,108,91613
27037060818,"Census Tract 608.18, Dakota County, Minnesota",7590,34.5,2625,1233,N,N,3876,288,169,0,15,11,125,6541,52,0,570,0,280,147,75931
27037060819,"Census Tract 608.19, Dakota County, Minnesota",6811,33.2,2099,1017,25.8,43.3,3700,554,86,0,0,11,123,6309,38,0,180,0,47,237,103854
27037060820,"Census Tract 608.20, Dakota County, Minnesota",7675,33.3,2477,1393,N,N,3530,297,139,29,23,13,206,7455,0,0,151,0,52,17,109543
27037060821,"Census Tract 608.21, Dakota County, Minnesota",6252,35.3,2334,881,N,N,2792,205,80,0,100,17,77,5546,204,7,235,0,0,260,66389
27037060822,"Census Tract 608.22, Dakota County, Minnesota",1234,47.8,483,159,N,N,603,11,35,5,0,0,21,1154,50,0,7,14,0,9,104135
27037060823,"Census Tract 608.23, Dakota County, Minnesota",3997,41.8,1326,492,N,N,1824,128,133,20,0,28,244,3426,89,0,460,0,0,22,118333
27037060824,"Census Tract 608.24, Dakota County, Minnesota",3929,39,1465,511,N,N,1595,63,110,0,17,31,95,3373,258,0,122,0,0,176,76325
27037060825,"Census Tract 608.25, Dakota County, Minnesota",6894,43.4,2526,958,N,N,3285,265,172,0,17,0,331,6152,140,0,198,0,36,368,106964
27037060826,"Census Tract 608.26, Dakota County, Minnesota",6926,38.6,2887,768,N,N,3538,211,251,13,0,12,130,5767,389,0,350,0,28,392,83155
27037060828,"Census Tract 608.28, Dakota County, Minnesota",3824,31.1,1577,614,N,N,1889,190,115,0,16,0,214,2815,229,9,437,0,101,233,68205
27037060829,"Census Tract 608.29, Dakota County, Minnesota",3087,32.3,1395,474,N,N,1613,154,123,25,14,19,73,2735,112,0,165,0,0,75,59250
27037060902,"Census Tract 609.02, Dakota County, Minnesota",4778,34.9,1709,766,29,35,2353,203,21,0,16,0,112,4510,194,0,55,0,0,19,90742
27037060904,"Census Tract 609.04, Dakota County, Minnesota",3449,38.9,1431,289,27.2,61.7,1796,195,46,47,26,9,46,3188,37,40,43,0,15,126,63011
27037060905,"Census Tract 609.05, Dakota County, Minnesota",5141,29.9,1769,901,N,N,2415,190,49,0,4,26,127,4580,124,0,200,0,21,216,83083
27037060906,"Census Tract 609.06, Dakota County, Minnesota",3556,37.5,1167,615,N,N,1669,109,87,0,1,0,60,3169,91,0,112,0,134,50,90982
27037060907,"Census Tract 609.07, Dakota County, Minnesota",7095,31.1,2148,1289,N,N,3501,350,139,15,0,0,121,6532,18,13,241,0,122,169,103190
27037061001,"Census Tract 610.01, Dakota County, Minnesota",3355,41.7,1204,384,N,N,1611,129,17,5,31,10,134,3230,2,24,49,0,0,50,87167
27037061003,"Census Tract 610.03, Dakota County, Minnesota",1177,49,488,128,N,N,475,19,19,0,10,12,90,1151,5,9,0,0,6,6,84375
27037061004,"Census Tract 610.04, Dakota County, Minnesota",6310,37,2004,1027,N,N,2757,102,213,20,9,18,194,5661,242,0,217,0,24,166,123889
27037061005,"Census Tract 610.05, Dakota County, Minnesota",2438,33.7,892,300,N,N,1289,12,25,0,0,4,11,2179,34,0,127,0,64,34,65682
27037061007,"Census Tract 610.07, Dakota County, Minnesota",4698,39.8,1709,583,N,N,2571,166,95,18,6,18,52,4057,447,1,142,0,23,28,80697
27037061008,"Census Tract 610.08, Dakota County, Minnesota",2539,35.2,842,304,N,N,918,144,60,0,57,28,35,1958,364,0,6,0,190,21,47222
27037061009,"Census Tract 610.09, Dakota County, Minnesota",5307,32.8,1824,1065,N,N,2757,219,29,0,0,20,140,4404,138,9,607,0,0,149,91486
27037061102,"Census Tract 611.02, Dakota County, Minnesota",5145,36.1,1905,565,N,N,2182,312,24,21,50,30,18,4686,176,70,24,0,156,33,51757
27037061105,"Census Tract 611.05, Dakota County, Minnesota",2415,39.2,921,256,N,N,1139,49,3,32,44,1,44,2294,18,1,16,0,71,15,54719
27037061106,"Census Tract 611.06, Dakota County, Minnesota",2941,42.4,1390,323,N,N,1434,84,4,0,8,0,84,2840,26,0,56,0,0,19,58333
27037061107,"Census Tract 611.07, Dakota County, Minnesota",6211,41.8,2396,734,N,N,2860,222,3,19,92,0,138,5897,2,4,33,0,175,100,76818
27037061108,"Census Tract 611.08, Dakota County, Minnesota",6173,35.1,2291,683,22.5,-,2848,313,0,5,95,10,147,5858,45,16,2,0,67,185,64792
27037061401,"Census Tract 614.01, Dakota County, Minnesota",3106,42.2,1107,366,N,N,1581,100,1,0,7,5,95,2995,11,17,23,0,0,60,92697
27037061402,"Census Tract 614.02, Dakota County, Minnesota",3767,39.5,1382,429,N,N,1865,116,3,4,73,17,101,3606,0,0,58,0,0,103,78611
27037061501,"Census Tract 615.01, Dakota County, Minnesota",2431,47.2,911,267,N,N,1216,107,10,0,40,0,124,2408,0,2,6,0,8,7,85202
27037061502,"Census Tract 615.02, Dakota County, Minnesota",2827,43.3,1004,331,23.7,75.8,1228,67,12,0,21,2,163,2754,16,14,2,0,0,41,79907
27053000101,"Census Tract 1.01, Hennepin County, Minnesota",3157,33.6,1113,338,N,N,1334,109,60,11,0,0,40,1640,589,44,682,0,9,193,48750
27053000102,"Census Tract 1.02, Hennepin County, Minnesota",4833,30.5,1642,583,N,N,1746,120,192,10,54,0,48,2174,1220,106,643,0,0,690,42053
27053000300,"Census Tract 3, Hennepin County, Minnesota",3274,37.1,1353,340,N,N,1410,225,194,0,30,0,119,2267,630,17,147,0,64,149,66745
27053000601,"Census Tract 6.01, Hennepin County, Minnesota",4995,33.6,2044,528,20.7,48.6,2703,340,231,48,68,26,95,4113,141,106,348,0,58,229,72386
27053000603,"Census Tract 6.03, Hennepin County, Minnesota",2746,37.2,1239,314,N,N,1415,176,179,0,37,0,49,2581,0,19,7,16,20,103,69875
27053001100,"Census Tract 11, Hennepin County, Minnesota",2190,32.3,842,254,N,N,1059,108,196,22,34,16,76,1710,38,12,109,0,272,49,56458
27053001700,"Census Tract 17, Hennepin County, Minnesota",2319,30.1,947,266,18.3,46.9,1028,110,110,21,62,8,63,1626,491,6,123,0,6,67,46734
27053002200,"Census Tract 22, Hennepin County, Minnesota",1410,21.8,391,206,N,N,234,43,86,0,0,0,17,177,495,0,502,0,47,189,22829
27053002400,"Census Tract 24, Hennepin County, Minnesota",2369,34.7,1192,236,N,N,968,79,185,68,63,37,70,1776,301,93,96,0,0,103,39500
27053002700,"Census Tract 27, Hennepin County, Minnesota",2696,29.5,843,298,N,N,916,138,220,22,7,17,82,577,1619,8,248,0,52,192,43606
27053003200,"Census Tract 32, Hennepin County, Minnesota",1710,28.1,561,260,N,N,452,60,131,25,0,0,84,481,1033,9,84,0,5,98,49531
27053003300,"Census Tract 33, Hennepin County, Minnesota",2541,24.5,678,326,N,N,555,94,199,0,13,0,28,135,1280,0,974,0,25,127,23516
27053003800,"Census Tract 38, Hennepin County, Minnesota",4668,22.3,1811,74,18.2,20.1,1512,179,460,190,818,16,113,3941,230,3,283,0,39,172,25417
27053005901,"Census Tract 59.01, Hennepin County, Minnesota",3322,40.4,1648,214,20.1,30.9,679,196,198,48,176,11,58,1499,1552,77,64,0,22,108,17243
27053005902,"Census Tract 59.02, Hennepin County, Minnesota",3042,28.8,1050,331,N,N,495,81,329,140,82,26,7,1448,1196,59,9,0,257,73,23029
27053006800,"Census Tract 68, Hennepin County, Minnesota",4160,29.5,2316,187,N,N,2052,409,487,235,203,0,111,3329,492,51,127,0,49,112,35286
27053007700,"Census Tract 77, Hennepin County, Minnesota",3344,27.7,1680,270,N,N,1341,197,429,89,105,53,68,1784,1053,176,146,0,81,104,46087
27053007801,"Census Tract 78.01, Hennepin County, Minnesota",1663,27.2,659,198,21.7,37.3,510,77,210,32,72,0,33,573,561,5,137,0,333,54,28125
27053008100,"Census Tract 81, Hennepin County, Minnesota",3625,30.4,1927,163,N,N,1972,210,397,133,121,0,161,3368,75,43,60,0,17,62,58485
27053008200,"Census Tract 82, Hennepin County, Minnesota",4312,35,2152,203,N,N,1273,77,512,276,143,0,54,2530,966,24,79,0,526,187,26705
27053008300,"Census Tract 83, Hennepin County, Minnesota",2395,23.7,536,300,N,N,659,105,133,38,88,33,37,1002,606,109,37,0,579,62,46667
27053008400,"Census Tract 84, Hennepin County, Minnesota",2623,29.4,759,312,20.7,36.5,909,220,281,91,73,0,34,1202,698,6,142,0,416,159,45972
27053008500,"Census Tract 85, Hennepin County, Minnesota",4441,29.8,1550,513,20.2,42.5,1393,226,267,201,43,25,180,3002,366,110,0,0,584,379,38182
27053009500,"Census Tract 95, Hennepin County, Minnesota",3152,30.5,1023,364,21.2,26.7,1088,340,81,173,0,0,63,2054,671,38,75,0,98,216,51114
27053009600,"Census Tract 96, Hennepin County, Minnesota",3717,32.3,1441,501,N,N,1582,225,199,176,22,21,57,2704,735,54,50,0,71,103,57070
27053010600,"Census Tract 106, Hennepin County, Minnesota",2952,43,1190,430,N,N,1228,29,88,76,66,0,207,2664,145,0,35,0,0,108,111471
27053010700,"Census Tract 107, Hennepin County, Minnesota",2315,42.5,904,293,22.9,25.7,1137,97,75,25,23,11,60,2171,7,0,15,0,0,122,123649
27053011000,"Census Tract 110, Hennepin County, Minnesota",3707,38,1502,457,N,N,1679,151,134,65,0,14,117,3283,289,9,64,0,52,10,75256
27053011703,"Census Tract 117.03, Hennepin County, Minnesota",3989,41,1668,481,N,N,1862,126,192,47,43,32,265,3579,146,25,69,0,0,170,96111
27053011704,"Census Tract 117.04, Hennepin County, Minnesota",3406,38.7,1332,472,N,N,1578,55,88,0,34,19,111,3051,117,0,60,0,57,121,90588
27053011800,"Census Tract 118, Hennepin County, Minnesota",4555,36.4,2016,515,N,N,2517,172,202,17,14,22,181,4103,218,50,82,0,21,81,79613
27053011998,"Census Tract 119.98, Hennepin County, Minnesota",4135,39.9,2019,336,22.7,38.1,1908,216,428,28,88,35,69,3484,203,47,138,0,27,236,63229
27053012001,"Census Tract 120.01, Hennepin County, Minnesota",5492,39.8,2440,716,19.2,30.2,2596,166,138,40,0,0,222,5048,113,20,100,0,0,211,92771
27053012003,"Census Tract 120.03, Hennepin County, Minnesota",5355,31,2216,769,N,N,2078,134,237,0,145,24,168,3701,725,22,104,0,421,382,61397
27053012101,"Census Tract 121.01, Hennepin County, Minnesota",3128,30.6,1286,443,N,N,1132,99,345,10,11,0,56,1822,555,11,47,0,482,211,40500
27053012102,"Census Tract 121.02, Hennepin County, Minnesota",2805,39.6,1340,232,N,N,1485,186,68,0,42,37,24,2119,341,128,19,0,27,171,55764
27053020101,"Census Tract 201.01, Hennepin County, Minnesota",3150,41.9,1173,388,19.5,29,1303,104,84,30,21,29,80,2755,67,0,68,0,0,260,85402
27053020102,"Census Tract 201.02, Hennepin County, Minnesota",2173,46.5,998,175,N,N,833,77,85,17,27,0,32,1903,48,0,205,0,0,17,51154
27053020200,"Census Tract 202, Hennepin County, Minnesota",8119,30.4,2859,1265,N,N,2924,435,525,40,97,54,55,2856,3530,40,1083,0,237,373,40244
27053020301,"Census Tract 203.01, Hennepin County, Minnesota",2678,32.7,922,313,N,N,1112,199,86,3,24,0,51,1700,495,1,430,0,10,42,48621
27053020302,"Census Tract 203.02, Hennepin County, Minnesota",2389,34.9,923,243,N,N,913,109,50,6,12,0,22,928,993,4,358,0,0,106,42784
27053020303,"Census Tract 203.03, Hennepin County, Minnesota",3777,31.7,1189,422,N,N,1601,301,62,0,0,0,19,1839,732,33,854,0,132,187,52118
27053020304,"Census Tract 203.04, Hennepin County, Minnesota",3189,31.9,1209,420,20.8,53.1,1205,108,158,0,70,0,14,1438,922,15,723,0,24,67,42011
27053020400,"Census Tract 204, Hennepin County, Minnesota",4397,35.2,1844,536,N,N,1658,251,191,41,53,0,79,2440,1519,43,287,0,15,93,34700
27053020500,"Census Tract 205, Hennepin County, Minnesota",3999,36.6,1333,468,N,N,1661,237,143,6,0,0,31,2179,715,18,567,0,311,209,58447
27053020600,"Census Tract 206, Hennepin County, Minnesota",2001,35.7,856,224,N,N,779,27,41,0,0,0,8,1440,117,3,353,0,13,75,37692
27053020700,"Census Tract 207, Hennepin County, Minnesota",4040,38,1541,422,N,N,2129,212,97,0,0,9,46,3315,321,41,276,0,10,77,66274
27053020801,"Census Tract 208.01, Hennepin County, Minnesota",1987,38,867,227,23.5,37.8,945,104,27,0,24,0,24,1478,284,50,77,0,59,39,56635
27053020804,"Census Tract 208.04, Hennepin County, Minnesota",2848,38.6,1200,329,N,N,1211,75,22,0,35,45,15,1942,574,0,151,0,50,131,42500
27053020902,"Census Tract 209.02, Hennepin County, Minnesota",2172,35.9,870,232,N,N,1212,219,17,0,12,9,21,1976,27,0,132,0,0,37,82652
27053020903,"Census Tract 209.03, Hennepin County, Minnesota",3388,39.8,1286,437,N,N,1605,107,68,8,6,0,76,2716,378,7,132,0,116,39,72326
27053021001,"Census Tract 210.01, Hennepin County, Minnesota",5884,39.1,2424,697,N,N,2729,153,182,13,32,0,91,4760,709,40,167,0,68,140,56619
27053021002,"Census Tract 210.02, Hennepin County, Minnesota",1827,38,853,212,N,N,728,50,78,0,11,0,34,1566,122,12,24,0,5,98,49904
27053021100,"Census Tract 211, Hennepin County, Minnesota",1825,36.4,801,193,N,N,853,111,35,6,0,0,30,1459,231,5,11,0,27,92,48750
27053021200,"Census Tract 212, Hennepin County, Minnesota",4737,35.4,1833,605,N,N,2253,314,89,39,12,14,97,3901,496,35,126,0,69,110,69425
27053021300,"Census Tract 213, Hennepin County, Minnesota",4450,37.8,2127,394,19.1,25.9,1758,162,222,0,86,15,13,3344,895,14,12,0,52,133,40825
27053021400,"Census Tract 214, Hennepin County, Minnesota",3184,35.4,1216,414,N,N,1324,128,115,17,78,0,117,2572,413,3,85,0,0,111,72963
27053021501,"Census Tract 215.01, Hennepin County, Minnesota",4140,42,1666,446,N,N,1608,192,65,9,33,0,36,2973,869,0,209,0,33,56,43479
27053021502,"Census Tract 215.02, Hennepin County, Minnesota",3738,35.4,1549,525,N,N,1287,253,67,4,69,0,49,2331,947,8,156,0,188,108,31073
27053021503,"Census Tract 215.03, Hennepin County, Minnesota",4918,38.4,2157,511,N,N,2367,272,228,0,87,27,67,3791,672,0,138,0,142,175,45826
27053021504,"Census Tract 215.04, Hennepin County, Minnesota",3529,42,1549,376,19.6,37.7,1643,156,86,43,0,7,23,2649,662,5,95,0,10,108,59219
27053021505,"Census Tract 215.05, Hennepin County, Minnesota",4636,39.8,1952,461,21.7,56.8,2221,217,46,0,24,0,60,3415,690,79,198,0,14,240,70208
27053021601,"Census Tract 216.01, Hennepin County, Minnesota",4004,41.8,1716,428,21.2,32.8,1991,210,81,19,21,28,162,3074,421,0,308,0,75,126,80691
27053021602,"Census Tract 216.02, Hennepin County, Minnesota",5979,45.1,2427,649,N,N,2148,170,143,0,12,17,141,4707,771,35,133,0,0,333,55237
27053021700,"Census Tract 217, Hennepin County, Minnesota",5352,45.5,2033,556,N,N,2751,435,55,85,68,13,209,4541,260,0,398,0,38,115,98466
27053021800,"Census Tract 218, Hennepin County, Minnesota",2038,49.5,922,191,N,N,1042,70,20,11,52,9,56,1692,126,0,117,0,0,103,108438
27053021900,"Census Tract 219, Hennepin County, Minnesota",3310,47,1369,375,N,N,1352,55,31,15,28,18,112,2916,79,9,170,0,15,121,87847
27053022000,"Census Tract 220, Hennepin County, Minnesota",1568,32.3,920,100,N,N,884,83,106,31,22,0,52,1371,48,0,27,0,18,104,59063
27053022101,"Census Tract 221.01, Hennepin County, Minnesota",2595,33.8,1174,306,N,N,1387,103,52,0,22,0,37,1850,238,0,211,0,141,155,65643
27053022102,"Census Tract 221.02, Hennepin County, Minnesota",2655,37.9,1258,270,N,N,1272,146,140,11,0,13,26,2231,206,0,128,0,0,90,54333
27053022200,"Census Tract 222, Hennepin County, Minnesota",4432,37,2074,402,N,N,2307,219,143,55,64,14,86,3978,33,11,237,0,120,53,72734
27053022301,"Census Tract 223.01, Hennepin County, Minnesota",2248,51.8,1020,183,N,N,1024,75,30,12,0,0,34,2019,74,0,62,0,0,93,66290
27053022302,"Census Tract 223.02, Hennepin County, Minnesota",2863,36.2,1354,307,N,N,1383,112,58,5,63,0,88,2009,620,5,117,0,25,87,41576
27053022400,"Census Tract 224, Hennepin County, Minnesota",3998,33.9,1597,620,18.5,38.9,1647,141,171,30,35,8,62,2885,460,9,126,0,263,255,64219
27053022700,"Census Tract 227, Hennepin County, Minnesota",4328,31.6,1845,513,N,N,2144,289,122,13,41,6,122,3229,410,89,67,9,280,244,53783
27053022801,"Census Tract 228.01, Hennepin County, Minnesota",2104,46.8,807,224,N,N,918,102,24,37,31,11,100,2002,28,16,21,0,5,32,119183
27053022802,"Census Tract 228.02, Hennepin County, Minnesota",3018,33.6,1835,214,N,N,1615,73,208,0,33,0,87,2598,91,21,242,0,28,38,50404
27053022901,"Census Tract 229.01, Hennepin County, Minnesota",4792,38.3,2686,515,N,N,2310,191,175,24,61,37,174,4400,105,28,149,0,83,27,73106
27053022902,"Census Tract 229.02, Hennepin County, Minnesota",1709,38.2,668,250,N,N,828,87,29,25,8,0,67,1670,39,0,0,0,0,0,104048
27053023000,"Census Tract 230, Hennepin County, Minnesota",4359,31.6,2173,392,19.1,36.8,2619,268,121,62,31,19,75,3519,442,8,100,0,0,290,77577
27053023100,"Census Tract 231, Hennepin County, Minnesota",1760,42.5,614,265,N,N,733,62,11,29,8,0,58,1621,9,0,66,0,12,52,120417
27053023200,"Census Tract 232, Hennepin County, Minnesota",5718,32.7,2796,631,N,N,2957,620,260,9,47,13,167,3038,1048,24,1127,0,135,346,53789
27053023300,"Census Tract 233, Hennepin County, Minnesota",5823,33.7,2434,831,N,N,2507,363,104,10,110,0,120,4009,949,34,117,0,468,246,49329
27053023400,"Census Tract 234, Hennepin County, Minnesota",6368,32.1,2726,668,20.4,60.7,2657,281,95,76,114,26,58,3983,1136,32,133,45,678,361,44308
27053023501,"Census Tract 235.01, Hennepin County, Minnesota",3611,46.4,1781,427,N,N,1579,101,41,11,21,19,106,3210,44,18,223,0,9,107,68711
27053023502,"Census Tract 235.02, Hennepin County, Minnesota",5349,47.1,2233,647,N,N,2075,72,21,8,0,54,217,4917,187,0,61,0,0,184,122125
27053023600,"Census Tract 236, Hennepin County, Minnesota",4035,42,1362,567,N,N,1339,56,14,18,15,0,204,3869,0,33,64,0,0,69,177727
27053023700,"Census Tract 237, Hennepin County, Minnesota",4516,46.2,1801,650,N,N,1738,56,31,28,10,12,194,4129,122,15,117,0,0,133,100524
27053023801,"Census Tract 238.01, Hennepin County, Minnesota",5094,40.1,1891,804,18.5,44.2,2081,153,73,12,40,18,210,4752,39,0,209,0,22,72,122587
27053023802,"Census Tract 238.02, Hennepin County, Minnesota",2929,36.4,1115,343,N,N,1416,138,41,18,29,10,132,2694,18,52,41,0,113,11,95587
27053023901,"Census Tract 239.01, Hennepin County, Minnesota",3660,43.7,1288,599,N,N,1437,116,81,8,20,21,139,3427,7,0,159,0,6,61,121136
27053023902,"Census Tract 239.02, Hennepin County, Minnesota",2085,42.8,694,320,N,N,743,57,12,0,5,0,77,1810,131,25,100,0,0,19,140962
27053023903,"Census Tract 239.03, Hennepin County, Minnesota",3257,51.8,1501,324,17.6,34.6,1169,75,40,0,30,0,179,2503,232,36,378,0,0,108,89375
27053024003,"Census Tract 240.03, Hennepin County, Minnesota",4856,33.7,2047,708,N,N,2285,209,256,12,75,0,99,3220,32,105,1079,0,420,0,76091
27053024004,"Census Tract 240.04, Hennepin County, Minnesota",3977,62.3,2568,286,N,N,1322,326,52,0,36,18,67,3274,74,15,485,0,101,28,47625
27053024005,"Census Tract 240.05, Hennepin County, Minnesota",1976,56,1219,137,N,N,738,25,109,30,17,44,66,1519,151,13,146,0,0,147,46354
27053024006,"Census Tract 240.06, Hennepin County, Minnesota",1835,45.4,719,222,N,N,669,10,18,6,30,0,66,1557,12,0,129,0,16,121,118125
27053024100,"Census Tract 241, Hennepin County, Minnesota",3456,37.7,1489,281,N,N,1828,105,111,8,60,0,62,2563,349,28,214,0,197,105,60430
27053024200,"Census Tract 242, Hennepin County, Minnesota",3071,40.7,1281,329,N,N,1566,86,58,8,58,26,67,2838,69,0,56,0,48,60,78801
27053024300,"Census Tract 243, Hennepin County, Minnesota",4660,30.1,1958,655,18.9,37.2,1958,339,272,31,277,9,38,3041,705,50,732,0,6,126,42550
27053024400,"Census Tract 244, Hennepin County, Minnesota",3719,50,2103,255,N,N,1396,352,98,0,47,0,100,2654,657,12,335,0,38,23,35369
27053024500,"Census Tract 245, Hennepin County, Minnesota",2331,40.7,865,254,N,N,1206,184,62,0,0,4,58,1681,119,6,197,0,288,40,77539
27053024600,"Census Tract 246, Hennepin County, Minnesota",3674,41.7,1782,288,N,N,1761,344,204,9,63,19,57,2685,252,40,233,0,95,369,50217
27053024700,"Census Tract 247, Hennepin County, Minnesota",3259,37.4,1275,287,N,N,1435,114,115,27,20,0,58,2393,377,95,65,0,184,145,54735
27053024801,"Census Tract 248.01, Hennepin County, Minnesota",2198,37.8,831,238,N,N,967,118,124,0,9,4,14,1733,206,0,91,0,105,63,63906
27053024802,"Census Tract 248.02, Hennepin County, Minnesota",3287,32.2,1171,427,21,30.5,1226,292,194,0,92,0,14,2307,213,7,97,23,527,113,49906
27053024901,"Census Tract 249.01, Hennepin County, Minnesota",919,33.9,318,98,N,N,392,75,22,3,18,0,0,850,17,14,24,0,0,14,61875
27053024902,"Census Tract 249.02, Hennepin County, Minnesota",2771,27,791,301,N,N,1372,408,79,6,22,7,26,1748,272,0,219,33,367,132,56281
27053024903,"Census Tract 249.03, Hennepin County, Minnesota",2321,29.1,783,261,N,N,959,150,32,6,13,29,34,1302,474,9,35,0,345,156,38882
27053025100,"Census Tract 251, Hennepin County, Minnesota",2815,33.8,1347,238,N,N,1247,172,255,8,146,28,31,1505,864,54,101,0,154,137,48356
27053025201,"Census Tract 252.01, Hennepin County, Minnesota",5275,32.8,1860,699,N,N,2238,311,150,19,68,16,59,3228,909,0,540,0,420,178,44509
27053025205,"Census Tract 252.05, Hennepin County, Minnesota",5228,39.1,1908,475,N,N,2649,320,162,21,0,39,99,4022,91,58,455,0,363,239,64625
27053025301,"Census Tract 253.01, Hennepin County, Minnesota",2943,49.7,1315,201,N,N,1248,99,68,6,21,0,129,2615,91,72,51,0,12,102,65650
27053025302,"Census Tract 253.02, Hennepin County, Minnesota",4403,40.4,1911,525,N,N,1788,224,184,35,14,56,57,3240,522,8,349,0,139,145,47292
27053025401,"Census Tract 254.01, Hennepin County, Minnesota",3967,39,1552,461,N,N,1711,353,109,7,11,30,55,2578,653,7,294,53,168,214,52898
27053025403,"Census Tract 254.03, Hennepin County, Minnesota",3850,34.6,1704,427,N,N,1820,217,209,6,9,11,84,2896,549,0,267,0,55,83,52305
27053025601,"Census Tract 256.01, Hennepin County, Minnesota",2304,42.9,1033,183,N,N,947,178,22,8,30,0,62,1673,97,11,405,0,43,75,48264
27053025603,"Census Tract 256.03, Hennepin County, Minnesota",3999,43.8,1583,369,N,N,1535,83,136,32,9,0,128,3591,187,6,66,0,94,55,69844
27053025605,"Census Tract 256.05, Hennepin County, Minnesota",3549,38.2,1644,344,N,N,1831,197,53,9,9,8,35,3021,236,0,130,0,0,162,58902
27053025701,"Census Tract 257.01, Hennepin County, Minnesota",6739,42.5,3014,696,N,N,3018,299,162,7,102,0,284,5514,354,73,377,0,147,274,68640
27053025702,"Census Tract 257.02, Hennepin County, Minnesota",4533,50.7,1930,359,N,N,2010,216,34,19,26,0,66,3477,349,23,339,0,282,63,63310
27053025801,"Census Tract 258.01, Hennepin County, Minnesota",2997,41.8,1563,186,18.2,45.9,1522,51,154,0,0,7,76,2521,160,0,167,0,58,91,60661
27053025802,"Census Tract 258.02, Hennepin County, Minnesota",2343,44.8,938,249,N,N,1167,88,31,0,27,4,106,2125,19,1,92,0,8,98,81979
27053025803,"Census Tract 258.03, Hennepin County, Minnesota",2966,46.7,1248,281,N,N,1338,131,94,0,45,8,50,2457,114,9,232,0,0,154,54769
27053025805,"Census Tract 258.05, Hennepin County, Minnesota",2909,51.4,1039,254,N,N,1108,61,44,20,10,10,94,2604,147,6,70,0,0,82,85565
27053025903,"Census Tract 259.03, Hennepin County, Minnesota",6293,49.1,2797,638,20.2,41.9,3181,195,54,24,95,17,143,5427,258,30,353,14,70,141,79023
27053025905,"Census Tract 259.05, Hennepin County, Minnesota",3633,57.9,1687,301,N,N,1464,67,46,0,9,0,161,3164,66,8,281,0,6,108,106308
27053025906,"Census Tract 259.06, Hennepin County, Minnesota",6161,38.1,2762,724,N,N,3252,215,49,0,49,13,130,5197,284,8,428,0,18,226,73856
27053025907,"Census Tract 259.07, Hennepin County, Minnesota",4565,46.1,2098,379,N,N,2250,133,105,0,13,15,96,4086,41,2,340,0,22,74,80806
27053026005,"Census Tract 260.05, Hennepin County, Minnesota",3736,40.9,1472,497,N,N,1775,65,78,7,80,8,125,3048,268,0,282,58,0,80,88269
27053026006,"Census Tract 260.06, Hennepin County, Minnesota",3020,37.6,1353,370,N,N,1583,186,73,0,0,0,43,2585,202,0,120,0,29,84,73625
27053026007,"Census Tract 260.07, Hennepin County, Minnesota",4653,36.1,1976,586,N,N,2183,179,14,0,39,0,197,3672,524,24,240,0,57,136,83643
27053026013,"Census Tract 260.13, Hennepin County, Minnesota",4583,42.3,1586,585,N,N,2400,62,79,6,0,0,153,4189,154,7,233,0,0,0,108350
27053026014,"Census Tract 260.14, Hennepin County, Minnesota",5117,41.5,1971,680,N,N,2569,65,71,12,20,14,235,4679,89,27,104,0,20,198,110956
27053026015,"Census Tract 260.15, Hennepin County, Minnesota",5457,40.7,2024,690,N,N,2519,114,127,9,32,43,178,4784,165,0,356,0,56,96,103500
27053026016,"Census Tract 260.16, Hennepin County, Minnesota",6899,40.5,2706,870,21.1,56.5,3309,344,26,10,0,56,225,5872,296,0,331,0,159,241,104167
27053026018,"Census Tract 260.18, Hennepin County, Minnesota",7041,40.2,2553,1062,N,N,3160,182,30,0,0,0,427,5697,50,61,1033,0,0,200,127393
27053026019,"Census Tract 260.19, Hennepin County, Minnesota",5824,30.4,2611,798,16.1,34.8,2635,446,178,0,150,0,186,2775,282,0,2385,0,224,158,67081
27053026020,"Census Tract 260.20, Hennepin County, Minnesota",4465,34.2,2032,598,N,N,2106,291,98,0,29,0,100,3082,1062,0,321,0,0,0,58889
27053026021,"Census Tract 260.21, Hennepin County, Minnesota",4360,41.7,1578,614,22.7,45.5,1824,78,49,36,54,13,99,3530,184,11,324,0,0,311,120694
27053026022,"Census Tract 260.22, Hennepin County, Minnesota",6992,38.3,2243,1134,24.8,41.3,3308,177,127,0,76,0,162,5679,149,30,850,0,49,235,157557
27053026101,"Census Tract 261.01, Hennepin County, Minnesota",3155,46.8,1205,308,N,N,1227,10,18,0,8,0,113,2851,49,0,104,0,0,151,85982
27053026103,"Census Tract 261.03, Hennepin County, Minnesota",2843,45.5,1099,265,N,N,1307,61,13,9,7,8,70,2731,2,1,83,0,10,16,93125
27053026104,"Census Tract 261.04, Hennepin County, Minnesota",4168,39.3,2185,383,N,N,2269,151,199,0,29,0,195,2749,1034,13,152,0,61,159,62958
27053026201,"Census Tract 262.01, Hennepin County, Minnesota",3250,46.3,1174,446,N,N,1390,121,36,43,9,0,83,3014,54,1,53,0,57,71,100300
27053026202,"Census Tract 262.02, Hennepin County, Minnesota",2819,49,1121,284,N,N,1329,80,21,7,0,0,111,2550,9,0,155,0,11,94,108180
27053026205,"Census Tract 262.05, Hennepin County, Minnesota",3208,42,1270,392,N,N,1547,115,39,0,0,27,151,3031,12,0,109,0,36,20,101842
27053026206,"Census Tract 262.06, Hennepin County, Minnesota",3091,53.3,1379,281,N,N,1300,130,41,0,53,0,126,2927,0,0,141,0,0,23,88021
27053026207,"Census Tract 262.07, Hennepin County, Minnesota",4381,42.5,1819,531,N,N,2154,108,36,0,9,9,98,3860,114,41,98,0,74,194,71094
27053026208,"Census Tract 262.08, Hennepin County, Minnesota",3214,43.3,1238,309,N,N,1386,239,30,0,50,8,113,2899,58,19,27,0,2,209,86591
27053026301,"Census Tract 263.01, Hennepin County, Minnesota",3284,46.8,1440,369,19.9,32.3,1450,130,40,48,49,10,104,3079,21,0,110,0,25,49,109808
27053026302,"Census Tract 263.02, Hennepin County, Minnesota",3373,45.9,1345,395,N,N,1673,27,38,0,42,33,91,3056,25,26,151,0,0,115,106058
27053026402,"Census Tract 264.02, Hennepin County, Minnesota",5958,36.9,3222,613,N,N,3206,378,206,0,26,14,177,4703,654,0,302,0,86,213,55509
27053026403,"Census Tract 264.03, Hennepin County, Minnesota",3121,42.6,1558,323,N,N,1281,105,82,0,50,10,85,2664,108,0,270,0,0,79,60833
27053026404,"Census Tract 264.04, Hennepin County, Minnesota",5032,49.5,2251,544,N,N,2487,149,98,43,15,14,222,4766,36,22,87,0,75,46,105907
27053026505,"Census Tract 265.05, Hennepin County, Minnesota",3478,44.5,1494,404,N,N,1590,79,72,11,31,10,153,3183,63,0,202,0,0,30,86630
27053026507,"Census Tract 265.07, Hennepin County, Minnesota",4654,41.4,2091,526,N,N,2218,261,210,0,30,0,117,3887,309,63,255,0,54,86,78044
27053026508,"Census Tract 265.08, Hennepin County, Minnesota",4931,45.6,2190,499,N,N,2642,161,33,0,18,48,89,4349,285,0,181,0,43,73,83906
27053026509,"Census Tract 265.09, Hennepin County, Minnesota",4410,43.3,1604,536,N,N,2237,78,72,0,17,9,222,3919,257,0,150,0,16,68,124224
27053026510,"Census Tract 265.10, Hennepin County, Minnesota",3551,35.3,1684,389,N,N,1990,187,104,0,29,0,70,3080,99,15,238,0,7,112,69792
27053026511,"Census Tract 265.11, Hennepin County, Minnesota",3722,32.6,1485,403,N,N,2129,202,78,0,23,27,81,2582,440,5,364,0,192,139,57989
27053026512,"Census Tract 265.12, Hennepin County, Minnesota",6025,43.3,2519,606,21.7,33.5,2745,157,123,3,41,2,300,5058,412,121,315,0,32,87,68582
27053026514,"Census Tract 265.14, Hennepin County, Minnesota",4968,31.9,2256,638,22,32.1,2540,245,58,85,72,7,48,3925,362,26,468,0,54,133,59831
27053026605,"Census Tract 266.05, Hennepin County, Minnesota",3572,43.3,1328,528,N,N,1473,82,66,0,145,0,43,3017,70,46,360,0,0,79,99886
27053026606,"Census Tract 266.06, Hennepin County, Minnesota",4921,38.4,1820,705,N,N,2280,262,59,11,53,0,129,4549,121,12,111,9,0,119,98500
27053026609,"Census Tract 266.09, Hennepin County, Minnesota",2973,45.7,1199,311,N,N,1294,85,46,10,27,0,84,2842,11,5,65,0,0,50,72716
27053026610,"Census Tract 266.10, Hennepin County, Minnesota",4678,45.5,1666,569,N,N,1647,112,87,0,26,19,119,3936,319,46,132,0,13,232,102000
27053026611,"Census Tract 266.11, Hennepin County, Minnesota",4712,40,2342,557,N,N,2473,277,19,14,0,0,50,3922,189,0,264,0,0,337,66103
27053026612,"Census Tract 266.12, Hennepin County, Minnesota",9306,35.1,3566,1404,N,N,4452,338,232,0,96,0,376,7309,323,0,1469,0,15,190,104442
27053026613,"Census Tract 266.13, Hennepin County, Minnesota",7292,40.6,2510,1195,N,N,3004,221,93,0,0,0,323,5555,322,0,1144,0,106,165,127160
27053026702,"Census Tract 267.02, Hennepin County, Minnesota",2480,50,1138,210,N,N,1083,75,22,5,44,0,6,2184,67,28,130,0,0,71,43922
27053026706,"Census Tract 267.06, Hennepin County, Minnesota",3469,44.3,1275,334,N,N,1868,88,41,0,18,0,67,3293,34,0,41,0,29,72,87721
27053026707,"Census Tract 267.07, Hennepin County, Minnesota",4944,40.6,1771,461,22.9,33.6,2718,197,63,21,0,1,79,4453,259,0,146,0,0,86,85038
27053026708,"Census Tract 267.08, Hennepin County, Minnesota",5744,42.8,2269,745,N,N,3031,267,140,0,29,47,155,5288,117,0,234,0,42,63,77697
27053026710,"Census Tract 267.10, Hennepin County, Minnesota",8214,39,3493,959,N,N,4400,221,238,0,18,16,146,6763,386,22,671,0,26,346,84161
27053026711,"Census Tract 267.11, Hennepin County, Minnesota",2820,34.7,1229,359,25,38.5,1447,134,71,13,0,8,92,2547,142,0,42,0,52,37,71542
27053026712,"Census Tract 267.12, Hennepin County, Minnesota",3143,38.6,1385,366,N,N,1490,87,72,0,16,7,100,2824,214,0,43,0,0,62,68179
27053026713,"Census Tract 267.13, Hennepin County, Minnesota",4437,41.3,1834,501,N,N,2109,129,171,0,0,0,113,3961,180,16,137,0,23,120,80326
27053026714,"Census Tract 267.14, Hennepin County, Minnesota",9656,37.4,3779,1401,N,N,4717,256,200,0,61,0,182,8166,501,0,773,0,33,183,96707
27053026715,"Census Tract 267.15, Hennepin County, Minnesota",13830,34.4,4564,2519,N,N,5841,464,210,0,42,24,536,11373,572,0,1624,4,0,257,126667
27053026716,"Census Tract 267.16, Hennepin County, Minnesota",8091,38.8,2790,1117,N,N,4024,307,160,0,1,0,240,7337,26,0,541,0,0,187,130076
27053026807,"Census Tract 268.07, Hennepin County, Minnesota",5513,37.9,2092,663,N,N,2360,207,0,0,0,17,36,3589,1369,0,301,0,42,212,48643
27053026809,"Census Tract 268.09, Hennepin County, Minnesota",4985,26.4,1751,798,N,N,2236,330,152,0,10,39,4,1426,2192,36,412,0,766,153,35300
27053026810,"Census Tract 268.10, Hennepin County, Minnesota",6482,27.9,2283,865,24.1,40.5,2624,402,183,0,0,71,54,2444,2280,13,975,0,307,463,37108
27053026811,"Census Tract 268.11, Hennepin County, Minnesota",6096,31.3,1797,651,25.7,56.6,2843,540,132,0,0,50,38,2882,1710,0,1219,0,25,260,65607
27053026812,"Census Tract 268.12, Hennepin County, Minnesota",5966,35.2,1960,853,N,N,2557,180,181,0,23,9,86,3071,1225,0,1446,0,0,224,79932
27053026814,"Census Tract 268.14, Hennepin County, Minnesota",6498,31.8,1971,821,N,N,3167,469,91,39,8,0,51,3834,1359,23,1108,48,0,126,68708
27053026815,"Census Tract 268.15, Hennepin County, Minnesota",5125,34.9,1758,556,23.1,23.6,2472,427,47,0,40,71,77,2899,663,19,1307,0,155,82,65089
27053026816,"Census Tract 268.16, Hennepin County, Minnesota",6533,29.6,2177,946,N,N,2874,82,167,0,41,33,128,3061,2346,17,611,0,77,421,68996
27053026818,"Census Tract 268.18, Hennepin County, Minnesota",4725,30.6,1626,539,N,N,1826,257,159,0,65,9,43,2482,1613,51,273,0,233,73,48587
27053026819,"Census Tract 268.19, Hennepin County, Minnesota",4688,27.9,1999,575,N,N,1595,296,343,0,9,29,43,1447,2379,10,523,0,116,213,28805
27053026820,"Census Tract 268.20, Hennepin County, Minnesota",11723,32.7,3662,1692,N,N,5346,701,316,0,7,162,203,7244,1752,10,2367,0,11,339,100000
27053026822,"Census Tract 268.22, Hennepin County, Minnesota",4750,47.6,1837,451,N,N,2431,209,70,30,44,0,145,3712,446,0,485,0,27,80,88155
27053026823,"Census Tract 268.23, Hennepin County, Minnesota",4495,38.1,1432,533,N,N,2087,115,76,0,9,58,103,2793,739,0,785,4,45,129,98551
27053026903,"Census Tract 269.03, Hennepin County, Minnesota",4396,38.1,1657,566,N,N,2255,275,68,11,6,14,35,3717,300,24,156,0,124,75,64135
27053026906,"Census Tract 269.06, Hennepin County, Minnesota",7470,38.7,2807,994,27.6,50.4,3937,283,206,16,92,12,201,6411,680,0,189,0,26,164,91250
27053026907,"Census Tract 269.07, Hennepin County, Minnesota",5648,39.8,1988,827,N,N,2741,121,236,14,18,0,181,5213,135,14,112,0,0,174,110593
27053026908,"Census Tract 269.08, Hennepin County, Minnesota",6077,40,2348,806,N,N,3829,219,181,0,43,15,62,5550,118,0,242,0,0,167,82881
27053026909,"Census Tract 269.09, Hennepin County, Minnesota",12294,35.8,4062,1831,N,N,5525,472,293,0,28,32,554,11515,235,1,215,7,91,230,100957
27053026910,"Census Tract 269.10, Hennepin County, Minnesota",4778,40.7,1619,471,28.6,42.1,2398,123,97,0,27,0,143,4518,0,27,80,0,45,108,85657
27053027001,"Census Tract 270.01, Hennepin County, Minnesota",3116,41.5,1098,399,N,N,1542,92,0,16,29,7,71,3060,0,27,8,0,5,16,101667
27053027002,"Census Tract 270.02, Hennepin County, Minnesota",5399,46.1,2032,630,N,N,2552,185,28,0,54,0,181,5187,20,0,28,13,96,55,96042
27053027101,"Census Tract 271.01, Hennepin County, Minnesota",5864,43.7,2018,819,22.5,48.3,2340,185,41,0,24,0,213,5601,26,16,62,7,2,150,108889
27053027102,"Census Tract 271.02, Hennepin County, Minnesota",5498,44.2,1863,534,N,N,2460,132,20,30,83,13,192,5235,16,0,169,0,0,78,102651
27053027201,"Census Tract 272.01, Hennepin County, Minnesota",6449,45.2,2571,755,N,N,2690,209,66,0,72,0,233,6082,102,35,146,0,84,0,112868
27053027202,"Census Tract 272.02, Hennepin County, Minnesota",1789,42.6,735,194,N,N,813,63,18,2,37,6,61,1708,22,0,7,0,33,19,65197
27053027203,"Census Tract 272.03, Hennepin County, Minnesota",3690,49.2,1825,396,27.6,31.1,1557,160,9,23,35,33,215,3482,59,29,53,0,10,57,67305
27053027300,"Census Tract 273, Hennepin County, Minnesota",3991,52.4,2019,339,N,N,1732,201,72,0,73,17,198,3691,138,0,97,0,0,65,65237
27053027400,"Census Tract 274, Hennepin County, Minnesota",4163,45.3,1469,546,N,N,1636,78,30,14,29,2,201,4030,6,4,7,0,60,56,134313
27053027501,"Census Tract 275.01, Hennepin County, Minnesota",4366,47.3,2020,468,23.6,48.4,2045,209,31,8,55,21,178,4214,27,18,69,0,3,35,68716
27053027503,"Census Tract 275.03, Hennepin County, Minnesota",4116,45,1478,627,N,N,1834,140,1,25,22,22,233,3959,24,9,51,0,17,56,106970
27053027504,"Census Tract 275.04, Hennepin County, Minnesota",3295,47.6,1251,447,N,N,1441,52,54,0,19,41,107,3207,13,0,0,0,19,56,135074
27053027601,"Census Tract 276.01, Hennepin County, Minnesota",3848,42,1672,500,N,N,1850,169,71,7,22,0,134,3582,89,24,68,0,7,78,67761
27053027602,"Census Tract 276.02, Hennepin County, Minnesota",5357,46.2,2460,513,31.1,51.2,3022,150,95,77,40,53,192,5121,0,64,148,0,0,24,78542
27053027700,"Census Tract 277, Hennepin County, Minnesota",9086,40.1,3076,1198,N,N,4107,409,43,0,102,7,285,8512,113,0,145,0,65,251,97785
27053100200,"Census Tract 1002, Hennepin County, Minnesota",3310,40.3,1517,328,N,N,1275,240,117,7,8,0,54,1790,1205,17,10,0,94,194,36442
27053100400,"Census Tract 1004, Hennepin County, Minnesota",3028,26.2,1023,378,N,N,874,201,196,0,31,5,10,1028,1161,111,441,0,153,134,36250
27053100500,"Census Tract 1005, Hennepin County, Minnesota",2166,36,961,196,22.6,58.2,901,102,115,21,20,0,17,1477,349,61,116,20,0,143,43388
27053100700,"Census Tract 1007, Hennepin County, Minnesota",2751,31.9,1066,256,N,N,1206,180,69,3,0,0,114,1535,828,7,0,0,104,277,50962
27053100800,"Census Tract 1008, Hennepin County, Minnesota",3474,29,1138,411,N,N,1088,236,132,27,11,10,7,1038,1447,40,549,0,91,309,35217
27053100900,"Census Tract 1009, Hennepin County, Minnesota",4687,27.4,1488,521,N,N,1298,146,105,0,65,22,73,1339,2403,110,550,0,13,272,40250
27053101200,"Census Tract 1012, Hennepin County, Minnesota",4258,38.9,2094,411,19,40.2,2018,143,145,149,119,0,162,3605,231,51,61,0,191,119,58056
27053101300,"Census Tract 1013, Hennepin County, Minnesota",1787,26.5,519,212,N,N,430,200,201,10,18,0,20,508,898,26,35,0,73,247,33648
27053101600,"Census Tract 1016, Hennepin County, Minnesota",2376,29.6,859,415,N,N,514,61,94,39,34,2,13,489,934,38,287,0,261,367,20971
27053101800,"Census Tract 1018, Hennepin County, Minnesota",4415,31.2,1595,452,22.8,35.2,1270,228,559,132,75,36,72,2217,860,85,40,0,832,381,36063
27053101900,"Census Tract 1019, Hennepin County, Minnesota",2793,35,1483,178,N,N,1278,98,245,59,11,0,17,2114,351,19,152,0,11,146,54475
27053102000,"Census Tract 1020, Hennepin County, Minnesota",2345,28.6,751,342,N,N,657,143,113,14,20,4,29,611,1188,0,436,0,7,103,45341
27053102100,"Census Tract 1021, Hennepin County, Minnesota",2559,22.3,670,328,N,N,625,159,132,5,15,46,46,357,1287,7,522,0,156,230,34390
27053102300,"Census Tract 1023, Hennepin County, Minnesota",1338,36,676,87,N,N,345,54,76,0,22,4,20,290,710,7,284,0,10,37,17235
27053102500,"Census Tract 1025, Hennepin County, Minnesota",2524,33.9,1235,214,N,N,1141,113,244,146,16,0,28,2106,155,27,24,0,96,116,49837
27053102600,"Census Tract 1026, Hennepin County, Minnesota",1769,29,684,236,N,N,860,122,148,19,38,0,17,963,274,29,140,0,168,195,44412
27053102800,"Census Tract 1028, Hennepin County, Minnesota",2768,24.6,946,262,N,N,669,120,191,7,21,33,12,474,1414,30,622,0,0,228,28333
27053102900,"Census Tract 1029, Hennepin County, Minnesota",1426,29,458,141,N,N,453,95,88,3,4,28,29,317,588,9,189,0,195,128,42857
27053103000,"Census Tract 1030, Hennepin County, Minnesota",1658,37.2,729,115,N,N,804,70,30,35,15,0,40,1296,112,15,134,0,6,95,53309
27053103100,"Census Tract 1031, Hennepin County, Minnesota",2220,36.4,1107,133,N,N,960,164,247,14,16,0,77,1615,397,26,50,0,102,30,37796
27053103400,"Census Tract 1034, Hennepin County, Minnesota",2792,22.2,1142,472,N,N,458,60,121,14,45,0,19,382,2052,6,37,0,268,47,12473
27053103600,"Census Tract 1036, Hennepin County, Minnesota",2230,45.7,1227,132,20.8,19.7,973,84,200,53,114,10,126,1919,44,33,105,0,0,129,77863
27053103700,"Census Tract 1037, Hennepin County, Minnesota",3160,28.8,1749,87,N,N,936,61,470,129,264,7,124,2231,208,0,456,0,105,160,30293
27053103900,"Census Tract 1039, Hennepin County, Minnesota",1944,21.8,797,4,N,N,613,19,149,35,425,0,0,1393,121,6,328,0,33,63,14420
27053104000,"Census Tract 1040, Hennepin County, Minnesota",7382,23.9,2362,329,N,N,2829,243,995,383,322,31,53,4795,1167,0,1103,0,24,293,41719
27053104100,"Census Tract 1041, Hennepin County, Minnesota",3352,28,1352,425,N,N,939,141,361,56,7,2,36,1511,1386,3,171,0,24,257,29239
27053104400,"Census Tract 1044, Hennepin County, Minnesota",2069,34.7,1124,45,N,N,408,80,194,28,503,7,20,1348,355,10,262,6,33,55,46000
27053104800,"Census Tract 1048, Hennepin County, Minnesota",7456,22.1,2985,672,N,N,1226,271,658,81,764,59,152,2703,3294,7,986,7,159,300,13950
27053104900,"Census Tract 1049, Hennepin County, Minnesota",10474,20,1741,195,N,N,1400,252,491,127,1851,0,230,7571,699,8,1601,0,224,371,18477
27053105100,"Census Tract 1051, Hennepin County, Minnesota",2762,45.5,1242,299,N,N,1136,87,136,78,32,14,157,2329,177,0,42,0,20,194,100969
27053105201,"Census Tract 1052.01, Hennepin County, Minnesota",2798,41,2132,15,20.3,27,735,0,150,111,606,0,62,2381,152,0,154,0,0,111,53618
27053105204,"Census Tract 1052.04, Hennepin County, Minnesota",2394,34,1702,148,N,N,586,86,216,44,282,8,34,1591,585,40,36,0,77,65,20401
27053105400,"Census Tract 1054, Hennepin County, Minnesota",3522,28.3,1824,159,N,N,938,126,352,111,753,7,149,2405,717,31,146,0,36,187,48198
27053105500,"Census Tract 1055, Hennepin County, Minnesota",3920,37.7,2305,245,N,N,1560,33,346,111,137,13,285,3348,119,0,211,0,61,181,74877
27053105600,"Census Tract 1056, Hennepin County, Minnesota",3861,31.3,2759,98,N,N,1585,249,485,42,595,39,103,2879,369,27,166,0,270,150,33781
27053105700,"Census Tract 1057, Hennepin County, Minnesota",2734,30.9,1952,121,N,N,946,86,265,77,219,16,64,1706,829,30,49,10,0,110,19911
27053106000,"Census Tract 1060, Hennepin County, Minnesota",3198,28.6,1326,498,N,N,452,95,281,65,114,0,38,860,1372,538,32,0,279,117,12255
27053106200,"Census Tract 1062, Hennepin County, Minnesota",3684,30.5,1824,345,20.2,30.6,957,71,540,141,202,41,84,1540,1774,41,186,0,0,143,18554
27053106400,"Census Tract 1064, Hennepin County, Minnesota",1694,45.8,994,119,N,N,498,67,124,104,40,9,41,967,591,20,59,0,0,57,23186
27053106500,"Census Tract 1065, Hennepin County, Minnesota",4657,39.5,2271,408,N,N,2106,161,168,194,7,9,306,4133,119,0,176,0,103,126,105703
27053106600,"Census Tract 1066, Hennepin County, Minnesota",2418,32.9,1220,159,22.4,26,1186,156,131,27,50,0,92,2192,12,36,89,0,9,80,82500
27053106700,"Census Tract 1067, Hennepin County, Minnesota",4907,29.3,2882,184,20.3,31.8,2404,181,835,320,141,18,147,4525,131,31,100,0,0,120,50952
27053106900,"Census Tract 1069, Hennepin County, Minnesota",2590,28.1,1173,153,N,N,800,94,284,71,315,10,38,1826,425,7,145,9,131,47,38425
27053107000,"Census Tract 1070, Hennepin County, Minnesota",3793,30.6,1884,266,19.5,48.5,1496,89,647,113,139,0,21,2584,517,19,248,0,360,65,36083
27053107400,"Census Tract 1074, Hennepin County, Minnesota",1516,34.9,737,184,N,N,618,81,115,33,20,0,42,1007,226,22,72,0,101,88,45063
27053107500,"Census Tract 1075, Hennepin County, Minnesota",1940,37,859,196,N,N,691,53,149,202,32,10,65,1679,122,5,29,0,48,57,66964
27053107600,"Census Tract 1076, Hennepin County, Minnesota",3807,40.5,1663,410,N,N,1886,243,122,73,21,7,202,3107,120,7,94,0,224,255,74564
27053108000,"Census Tract 1080, Hennepin County, Minnesota",3555,29.4,1991,78,N,N,2234,126,309,65,106,0,123,3238,13,61,82,0,53,108,73347
27053108600,"Census Tract 1086, Hennepin County, Minnesota",2910,31.8,990,343,18.7,38.2,740,90,350,124,56,4,58,1558,557,159,97,0,270,269,38667
27053108700,"Census Tract 1087, Hennepin County, Minnesota",3616,33.4,1337,341,N,N,1294,200,220,91,11,0,170,2396,263,41,166,8,43,699,64129
27053108800,"Census Tract 1088, Hennepin County, Minnesota",3542,35.9,1678,403,N,N,1159,153,358,141,40,0,164,2582,632,5,33,23,95,172,43389
27053108900,"Census Tract 1089, Hennepin County, Minnesota",2311,39.5,982,261,N,N,1049,171,147,118,38,0,68,2173,28,23,0,0,25,62,75156
27053109000,"Census Tract 1090, Hennepin County, Minnesota",1721,43.1,770,177,N,N,740,81,102,44,6,0,116,1573,96,0,11,0,5,36,75000
27053109100,"Census Tract 1091, Hennepin County, Minnesota",4819,33.6,2562,356,20.6,32.2,2771,139,94,52,60,28,296,4258,99,0,133,0,13,316,76549
27053109200,"Census Tract 1092, Hennepin County, Minnesota",3668,31.9,1965,189,N,N,1834,113,358,124,35,12,108,3123,117,11,134,0,190,93,47314
27053109300,"Census Tract 1093, Hennepin County, Minnesota",3850,36.9,1921,235,20.8,34.4,1919,146,494,62,65,0,113,2782,393,146,73,0,274,182,51086
27053109400,"Census Tract 1094, Hennepin County, Minnesota",2378,25.2,591,337,N,N,861,221,103,8,12,6,49,1027,759,8,61,0,470,53,50268
27053109700,"Census Tract 1097, Hennepin County, Minnesota",2613,32.4,912,333,N,N,945,136,135,56,41,4,89,1849,243,47,11,0,360,103,60268
27053109800,"Census Tract 1098, Hennepin County, Minnesota",4348,38.8,1758,600,N,N,1810,175,189,73,7,20,247,3726,327,5,133,0,0,157,101173
27053109900,"Census Tract 1099, Hennepin County, Minnesota",3904,35.7,1777,402,24.1,38.5,1853,245,220,97,43,9,270,3588,71,52,119,0,15,59,77153
27053110000,"Census Tract 1100, Hennepin County, Minnesota",1862,30.1,581,162,N,N,635,138,173,37,4,0,19,963,589,8,0,0,261,41,49788
27053110100,"Census Tract 1101, Hennepin County, Minnesota",2813,34.7,1274,281,N,N,1307,97,246,76,18,14,29,2352,236,66,43,0,0,116,53289
27053110200,"Census Tract 1102, Hennepin County, Minnesota",3577,37.9,1466,388,N,N,1589,198,220,72,27,43,135,2774,114,183,109,17,126,254,67500
27053110400,"Census Tract 1104, Hennepin County, Minnesota",2979,36.1,1308,275,N,N,1511,243,216,89,33,0,45,2331,245,18,24,0,39,322,57756
27053110500,"Census Tract 1105, Hennepin County, Minnesota",5115,40.5,2176,421,N,N,2115,154,515,93,76,15,117,4770,92,61,45,8,0,139,63333
27053110800,"Census Tract 1108, Hennepin County, Minnesota",4650,32.6,1879,613,N,N,2078,349,367,85,66,0,230,3907,146,45,233,0,7,312,78633
27053110900,"Census Tract 1109, Hennepin County, Minnesota",3329,36.8,1378,285,N,N,1552,136,274,97,30,13,27,2009,873,40,9,0,151,247,81442
27053111100,"Census Tract 1111, Hennepin County, Minnesota",3226,38.9,1417,338,22.6,28.4,1416,138,210,30,30,9,98,2836,91,40,56,0,70,133,71375
27053111200,"Census Tract 1112, Hennepin County, Minnesota",3040,40.8,1324,424,N,N,1460,144,143,19,17,0,147,2896,33,17,41,0,0,53,117045
27053111300,"Census Tract 1113, Hennepin County, Minnesota",4664,42.6,1928,647,N,N,1987,254,106,56,21,37,200,4085,337,34,58,0,38,112,102917
27053111400,"Census Tract 1114, Hennepin County, Minnesota",3958,40.1,1499,580,N,N,1573,85,132,69,45,0,288,3619,106,14,101,0,9,109,120325
27053111500,"Census Tract 1115, Hennepin County, Minnesota",5049,40.1,2068,672,20.8,38.3,2151,73,141,57,0,46,280,4258,350,137,106,0,39,159,116583
27053111600,"Census Tract 1116, Hennepin County, Minnesota",3326,41.9,1299,466,N,N,1692,152,94,70,21,17,83,2866,281,18,54,0,38,69,115107
27053122500,"Census Tract 1225, Hennepin County, Minnesota",3568,31.3,1622,415,N,N,1810,174,189,0,29,0,112,2582,434,0,266,0,90,196,62875
27053122600,"Census Tract 1226, Hennepin County, Minnesota",2229,35.6,1023,210,19.7,25.5,1203,58,68,40,21,0,106,1893,169,12,66,0,5,84,74635
27053125500,"Census Tract 1255, Hennepin County, Minnesota",3664,42.1,1675,367,N,N,1449,111,66,20,27,6,42,2721,545,0,136,0,74,188,42759
27053125600,"Census Tract 1256, Hennepin County, Minnesota",2915,26.8,1205,125,N,N,908,120,204,147,137,0,92,2201,52,29,501,0,0,132,53662
27053125700,"Census Tract 1257, Hennepin County, Minnesota",4009,25.5,1023,393,N,N,963,143,206,0,30,28,37,914,1576,10,1082,7,242,178,38750
27053125800,"Census Tract 1258, Hennepin County, Minnesota",4908,29.8,1553,504,20.9,33.3,1599,211,342,95,67,0,6,2250,1598,352,170,0,331,207,39316
27053125900,"Census Tract 1259, Hennepin County, Minnesota",4581,25.8,1141,613,19.9,47.7,787,186,507,68,166,36,3,1426,1044,536,551,26,799,199,35139
27053126000,"Census Tract 1260, Hennepin County, Minnesota",5286,30.1,2116,558,N,N,876,198,385,6,194,19,47,1504,2794,39,199,0,410,340,18414
27053126100,"Census Tract 1261, Hennepin County, Minnesota",6390,33.1,3151,37,N,N,1877,120,424,0,1076,14,318,3721,1278,151,933,0,111,196,74083
27053126200,"Census Tract 1262, Hennepin County, Minnesota",4263,32.4,2267,185,N,N,1853,166,241,139,398,23,201,3381,603,72,94,0,0,113,107599
27053980000,"Census Tract 9800, Hennepin County, Minnesota",358,35.2,175,38,N,N,82,35,19,0,16,0,1,238,36,4,0,0,65,15,19792
27123030100,"Census Tract 301, Ramsey County, Minnesota",4463,31.9,1791,441,18.9,23.7,1529,134,309,94,357,0,238,3643,133,46,547,0,4,90,71607
27123030201,"Census Tract 302.01, Ramsey County, Minnesota",5417,36.5,2202,564,N,N,2528,210,239,125,58,0,168,4847,303,0,161,0,0,106,67857
27123030202,"Census Tract 302.02, Ramsey County, Minnesota",2137,26.6,1086,139,21.4,47.8,1223,121,160,29,88,0,8,1746,212,0,71,0,40,68,52059
27123030300,"Census Tract 303, Ramsey County, Minnesota",5323,42.1,2345,653,N,N,2662,341,186,144,24,4,166,4848,99,49,87,0,91,149,77246
27123030400,"Census Tract 304, Ramsey County, Minnesota",6421,29.4,2455,930,N,N,2618,457,336,14,95,0,73,3242,1076,106,1657,0,0,340,36920
27123030500,"Census Tract 305, Ramsey County, Minnesota",5559,24.3,1802,851,21.2,42.9,1352,172,206,0,47,26,63,1088,1382,31,2465,7,344,242,23628
27123030601,"Census Tract 306.01, Ramsey County, Minnesota",6082,26.5,1769,772,N,N,2021,562,179,0,25,17,40,1554,988,71,2710,0,388,371,39476
27123030602,"Census Tract 306.02, Ramsey County, Minnesota",4011,33.5,1511,488,N,N,1797,189,50,8,17,7,63,2780,174,18,827,0,40,172,68698
27123030702,"Census Tract 307.02, Ramsey County, Minnesota",4964,30.7,1718,594,N,N,2305,294,100,0,16,0,78,3303,449,35,1100,0,0,77,60577
27123030703,"Census Tract 307.03, Ramsey County, Minnesota",3742,31.7,1242,511,N,N,1464,246,72,16,11,13,31,2129,331,1,1172,0,25,84,54631
27123030704,"Census Tract 307.04, Ramsey County, Minnesota",4254,30.2,1490,687,N,N,1732,333,130,0,22,0,18,1958,598,0,1203,0,209,286,42105
27123030800,"Census Tract 308, Ramsey County, Minnesota",4989,27.2,1690,636,N,N,2049,269,163,10,0,10,43,2267,815,141,1554,0,109,103,42368
27123030900,"Census Tract 309, Ramsey County, Minnesota",3673,26.3,1005,473,25.4,52.9,1125,217,56,26,20,0,84,1542,468,0,1175,0,202,286,45625
27123031000,"Census Tract 310, Ramsey County, Minnesota",4373,25.4,1365,424,N,N,1394,318,174,0,54,0,24,2089,293,197,1395,0,27,372,26480
27123031100,"Census Tract 311, Ramsey County, Minnesota",3765,32.8,1318,466,N,N,1465,308,54,13,8,16,50,2286,331,0,944,26,0,178,47500
27123031200,"Census Tract 312, Ramsey County, Minnesota",3138,34.4,1350,292,19,48.8,1383,160,229,60,0,7,51,2345,548,18,164,0,11,52,52083
27123031300,"Census Tract 313, Ramsey County, Minnesota",2329,28.8,806,270,20.4,46.4,563,93,44,12,40,10,39,802,655,56,675,12,76,53,22181
27123031400,"Census Tract 314, Ramsey County, Minnesota",2944,26.6,966,400,N,N,885,143,108,8,13,0,39,979,759,29,856,0,204,117,26417
27123031500,"Census Tract 315, Ramsey County, Minnesota",2393,27.4,764,305,N,N,700,133,68,0,5,0,28,924,488,76,632,0,102,171,26310
27123031600,"Census Tract 316, Ramsey County, Minnesota",4544,24.9,1278,687,N,N,1385,345,77,0,42,22,8,1759,668,209,1360,0,37,511,38154
27123031701,"Census Tract 317.01, Ramsey County, Minnesota",2726,25.2,751,325,N,N,1139,199,39,0,14,0,32,1082,527,30,843,0,20,224,43036
27123031702,"Census Tract 317.02, Ramsey County, Minnesota",7000,25.5,2148,935,N,N,2339,715,250,0,51,0,11,2520,1433,85,2423,0,281,258,29427
27123031801,"Census Tract 318.01, Ramsey County, Minnesota",4661,27.1,1561,576,N,N,1778,308,184,0,29,34,53,2104,1012,17,907,0,251,370,38903
27123031802,"Census Tract 318.02, Ramsey County, Minnesota",3635,29.4,1474,508,N,N,1576,146,150,0,10,0,110,2363,464,12,399,0,166,231,48224
27123031900,"Census Tract 319, Ramsey County, Minnesota",2307,29.4,1152,133,N,N,979,95,209,50,61,0,19,1590,339,0,282,0,26,70,29125
27123032000,"Census Tract 320, Ramsey County, Minnesota",3183,33.5,1267,370,N,N,1207,141,223,45,128,0,114,2306,588,8,8,0,16,257,41875
27123032100,"Census Tract 321, Ramsey County, Minnesota",3171,22.9,1160,291,N,N,1109,112,242,22,243,6,194,2279,454,3,207,0,74,154,35091
27123032200,"Census Tract 322, Ramsey County, Minnesota",2733,31.8,1062,304,N,N,1121,87,148,6,62,0,149,2381,253,5,60,0,14,20,51364
27123032300,"Census Tract 323, Ramsey County, Minnesota",3318,33.2,1287,403,N,N,1510,201,277,47,40,12,137,2622,313,0,235,0,69,79,64018
27123032400,"Census Tract 324, Ramsey County, Minnesota",2824,30.1,1007,303,N,N,1087,140,93,12,0,28,23,823,1236,82,593,0,21,69,37933
27123032500,"Census Tract 325, Ramsey County, Minnesota",4455,24.6,1236,514,N,N,1326,308,194,0,107,9,32,969,853,72,1803,0,161,597,32794
27123032600,"Census Tract 326, Ramsey County, Minnesota",3380,26.6,965,410,N,N,951,99,228,24,38,31,93,844,829,51,1318,0,105,233,34917
27123032700,"Census Tract 327, Ramsey County, Minnesota",2567,24.6,735,308,N,N,690,149,97,0,18,27,69,393,868,33,889,0,180,204,34343
27123033000,"Census Tract 330, Ramsey County, Minnesota",1923,35.9,517,104,22.2,75,513,131,14,0,36,0,11,864,430,24,323,3,152,127,29350
27123033100,"Census Tract 331, Ramsey County, Minnesota",1572,31.7,449,184,N,N,510,34,76,0,0,0,15,746,287,0,366,0,11,162,31635
27123033200,"Census Tract 332, Ramsey County, Minnesota",2807,31.2,1358,193,N,N,1181,158,250,47,52,0,59,1874,505,3,206,0,145,74,42381
27123033300,"Census Tract 333, Ramsey County, Minnesota",3203,29.2,1362,221,18,31.8,1463,111,138,94,228,0,78,2830,169,10,26,0,150,18,41750
27123033400,"Census Tract 334, Ramsey County, Minnesota",3030,26.1,1339,348,N,N,830,91,266,10,65,0,169,1482,1172,1,164,0,100,111,22482
27123033500,"Census Tract 335, Ramsey County, Minnesota",3633,26.1,1070,408,N,N,1144,128,143,0,15,20,55,621,2115,50,529,0,95,223,45956
27123033600,"Census Tract 336, Ramsey County, Minnesota",1493,20.2,599,232,N,N,282,35,56,0,32,5,0,39,1138,7,183,0,13,113,13558
27123033700,"Census Tract 337, Ramsey County, Minnesota",1414,38,660,82,N,N,224,42,77,0,77,0,37,282,548,4,430,0,75,75,12292
27123033800,"Census Tract 338, Ramsey County, Minnesota",2012,25.9,607,196,N,N,673,60,140,34,39,5,13,873,935,6,73,0,0,125,51205
27123033900,"Census Tract 339, Ramsey County, Minnesota",1613,29.3,609,152,N,N,639,60,51,43,36,0,60,724,648,3,145,3,0,90,49926
27123034000,"Census Tract 340, Ramsey County, Minnesota",1678,35.7,878,117,N,N,715,22,83,17,114,0,101,1343,212,5,10,0,18,90,44207
27123034201,"Census Tract 342.01, Ramsey County, Minnesota",1871,32.5,1381,28,N,N,655,31,84,25,555,7,45,1568,100,0,147,0,0,56,36250
27123034202,"Census Tract 342.02, Ramsey County, Minnesota",4967,40.3,3426,258,22.6,31.8,1336,25,249,42,579,41,361,3530,911,14,401,0,30,81,30982
27123034400,"Census Tract 344, Ramsey County, Minnesota",2355,28.3,738,295,20.9,48.8,684,106,77,12,13,0,43,1077,370,45,719,0,15,129,32100
27123034500,"Census Tract 345, Ramsey County, Minnesota",4656,27.8,1339,608,N,N,1549,308,142,0,12,0,48,1892,724,41,1575,0,103,321,50676
27123034601,"Census Tract 346.01, Ramsey County, Minnesota",4831,33.2,1780,421,20.1,37.3,1877,417,122,8,0,0,36,2291,704,5,1287,0,256,288,37990
27123034602,"Census Tract 346.02, Ramsey County, Minnesota",4408,28.6,1404,630,21.9,54.4,1727,277,99,6,27,28,21,1773,491,139,1661,0,183,161,40769
27123034701,"Census Tract 347.01, Ramsey County, Minnesota",4426,28.1,1546,613,20.1,43.3,1924,261,103,0,48,0,147,1634,872,0,1744,0,67,109,51603
27123034702,"Census Tract 347.02, Ramsey County, Minnesota",3642,32.9,1402,425,N,N,1414,139,191,28,12,0,85,1899,736,111,354,0,241,301,46214
27123034900,"Census Tract 349, Ramsey County, Minnesota",3618,21.7,1174,179,19.1,33.7,1395,117,125,35,392,2,195,3356,20,0,69,0,36,137,55510
27123035000,"Census Tract 350, Ramsey County, Minnesota",2829,33.5,1074,310,N,N,1110,164,111,101,97,0,78,2661,57,5,55,0,9,42,65789
27123035100,"Census Tract 351, Ramsey County, Minnesota",3537,20.9,968,206,N,N,950,128,281,23,200,0,589,2843,194,0,268,0,56,176,64444
27123035200,"Census Tract 352, Ramsey County, Minnesota",3313,34.6,1530,340,N,N,1742,212,109,37,117,0,93,3089,53,0,27,0,71,73,63250
27123035300,"Census Tract 353, Ramsey County, Minnesota",3908,35.9,1707,413,20.3,36,2000,281,106,38,105,0,122,3562,83,46,147,0,0,70,64712
27123035500,"Census Tract 355, Ramsey County, Minnesota",2027,37.4,1275,109,N,N,1109,105,117,25,31,17,106,1732,151,50,0,0,1,93,56349
27123035700,"Census Tract 357, Ramsey County, Minnesota",2772,38.2,1089,393,N,N,1198,161,81,41,76,0,98,2632,43,0,18,0,0,79,96063
27123035800,"Census Tract 358, Ramsey County, Minnesota",2850,41.1,1572,122,17.5,33,1342,62,207,32,81,0,108,2643,59,11,91,0,8,38,57417
27123035900,"Census Tract 359, Ramsey County, Minnesota",696,42.4,460,27,N,N,269,23,26,0,60,0,17,568,50,0,32,0,6,40,33704
27123036000,"Census Tract 360, Ramsey County, Minnesota",2434,37.2,1280,162,N,N,1174,131,50,5,87,10,69,1816,402,6,94,0,0,116,68125
27123036100,"Census Tract 361, Ramsey County, Minnesota",1740,24.6,520,188,19.4,26.6,645,240,106,1,51,24,23,529,294,10,453,0,172,282,19929
27123036300,"Census Tract 363, Ramsey County, Minnesota",3590,35.6,1259,305,N,N,1290,163,222,22,187,0,247,3295,48,4,167,0,8,68,87371
27123036400,"Census Tract 364, Ramsey County, Minnesota",3952,39.3,1650,542,N,N,1855,140,137,75,77,6,136,3351,165,56,127,0,22,231,88030
27123036500,"Census Tract 365, Ramsey County, Minnesota",3834,36.6,1686,428,N,N,1627,103,157,39,59,16,189,3466,102,0,144,0,0,122,67277
27123036600,"Census Tract 366, Ramsey County, Minnesota",4615,40.2,2009,517,N,N,2034,166,103,29,59,0,167,3764,241,26,100,0,3,481,78080
27123036700,"Census Tract 367, Ramsey County, Minnesota",4655,38.3,2112,448,N,N,2169,138,113,16,32,11,66,4076,189,45,135,0,125,85,60208
27123036800,"Census Tract 368, Ramsey County, Minnesota",2179,34.3,908,215,N,N,995,100,171,16,43,21,43,1917,113,0,69,0,3,77,49028
27123036900,"Census Tract 369, Ramsey County, Minnesota",1984,39.3,859,170,17,19.5,625,50,92,15,36,19,68,1555,274,6,41,0,8,100,40708
27123037000,"Census Tract 370, Ramsey County, Minnesota",2790,37.1,1100,335,N,N,1294,148,69,0,8,0,69,2320,143,0,147,0,43,137,62241
27123037100,"Census Tract 371, Ramsey County, Minnesota",5199,32.8,1818,720,N,N,1854,168,70,61,24,13,49,3015,858,198,277,0,761,90,38056
27123037200,"Census Tract 372, Ramsey County, Minnesota",5994,32.2,2112,766,22,32.4,2179,437,161,0,25,28,68,2675,1414,57,324,0,1025,499,42156
27123037402,"Census Tract 374.02, Ramsey County, Minnesota",3864,34.9,1679,439,20.5,42.7,1629,236,188,10,44,9,36,2573,513,12,549,0,58,159,48406
27123037403,"Census Tract 374.03, Ramsey County, Minnesota",6587,31.3,2180,935,N,N,2736,256,282,0,13,36,117,2715,2487,70,719,0,179,417,64274
27123037500,"Census Tract 375, Ramsey County, Minnesota",5112,42.1,2148,639,N,N,2605,208,109,9,0,15,171,4115,422,0,234,0,136,205,93243
27123037601,"Census Tract 376.01, Ramsey County, Minnesota",3595,44.2,1912,340,N,N,1553,63,137,0,97,14,155,3083,189,20,46,0,0,257,53672
27123037602,"Census Tract 376.02, Ramsey County, Minnesota",5602,32.6,2675,390,N,N,2181,134,412,0,44,0,57,3235,2070,0,183,0,0,114,38534
27123040100,"Census Tract 401, Ramsey County, Minnesota",6821,43.9,2663,775,N,N,3506,154,44,0,0,23,274,6609,4,20,98,0,0,90,93010
27123040200,"Census Tract 402, Ramsey County, Minnesota",1806,52.6,859,181,24.1,38.6,614,70,21,0,34,0,78,1791,0,0,6,0,0,9,58063
27123040301,"Census Tract 403.01, Ramsey County, Minnesota",1930,44.2,739,185,22.9,51.3,906,122,31,29,0,2,32,1833,2,0,43,0,0,52,82578
27123040302,"Census Tract 403.02, Ramsey County, Minnesota",5187,39.5,2045,697,N,N,2613,107,50,0,13,0,41,4714,103,29,132,0,0,209,67813
27123040401,"Census Tract 404.01, Ramsey County, Minnesota",3325,40.7,1465,359,N,N,1616,209,29,12,19,0,10,2899,156,1,242,0,0,27,60380
27123040402,"Census Tract 404.02, Ramsey County, Minnesota",5441,42.5,2151,573,N,N,2359,244,0,23,55,0,100,4604,111,0,594,0,17,115,64668
27123040502,"Census Tract 405.02, Ramsey County, Minnesota",2701,46.3,1116,214,N,N,1039,52,22,5,36,22,78,2585,35,52,5,0,0,24,58105
27123040503,"Census Tract 405.03, Ramsey County, Minnesota",3379,45.7,1546,314,N,N,1695,86,26,15,24,9,57,3181,10,11,65,0,20,92,68056
27123040504,"Census Tract 405.04, Ramsey County, Minnesota",4307,34.2,1695,578,N,N,2183,129,37,0,19,0,95,3512,175,0,410,0,7,203,60590
27123040601,"Census Tract 406.01, Ramsey County, Minnesota",5287,54.7,2015,401,N,N,1905,65,58,0,10,18,108,4906,5,55,290,0,4,27,141359
27123040603,"Census Tract 406.03, Ramsey County, Minnesota",5355,46.6,2271,601,N,N,2790,253,72,0,23,0,214,4682,198,0,383,0,37,55,88066
27123040604,"Census Tract 406.04, Ramsey County, Minnesota",7421,43.4,3225,849,22.7,67.7,3612,358,135,0,0,0,143,6009,222,0,1015,0,111,64,60273
27123040703,"Census Tract 407.03, Ramsey County, Minnesota",6863,45.8,3057,736,N,N,3041,193,49,17,45,0,266,5962,163,1,638,0,0,99,74769
27123040704,"Census Tract 407.04, Ramsey County, Minnesota",5420,39.7,2394,615,N,N,2662,140,49,27,41,18,139,4435,165,0,447,0,0,373,60422
27123040705,"Census Tract 407.05, Ramsey County, Minnesota",4317,42.8,1804,521,N,N,2055,189,81,0,6,0,81,3751,94,0,411,0,8,53,82778
27123040706,"Census Tract 407.06, Ramsey County, Minnesota",4786,46.8,1943,573,N,N,2289,150,75,0,17,0,155,4120,106,0,442,0,0,118,98036
27123040707,"Census Tract 407.07, Ramsey County, Minnesota",4287,46.3,1712,546,23.6,45.4,1962,113,37,0,0,0,178,4060,0,5,97,0,22,103,96563
27123040801,"Census Tract 408.01, Ramsey County, Minnesota",3060,43.8,1210,278,20.4,42,1505,177,15,25,62,0,122,2649,1,21,254,0,90,45,86111
27123040802,"Census Tract 408.02, Ramsey County, Minnesota",1870,19.7,0,0,N,N,212,48,41,0,105,0,621,1737,26,0,67,0,13,27,-
27123040803,"Census Tract 408.03, Ramsey County, Minnesota",4770,47.9,1813,455,20.9,38.3,2027,89,53,0,28,0,147,4425,55,0,192,0,0,98,82019
27123040901,"Census Tract 409.01, Ramsey County, Minnesota",2224,37.4,824,265,N,N,1057,63,51,7,27,0,25,1885,77,98,141,0,2,21,58417
27123040902,"Census Tract 409.02, Ramsey County, Minnesota",4041,31.6,1526,599,N,N,1905,104,82,0,37,0,18,3018,294,15,457,36,48,173,46667
27123041001,"Census Tract 410.01, Ramsey County, Minnesota",3272,41.9,1315,317,N,N,1451,166,47,14,8,0,80,3008,66,8,156,0,0,34,69355
27123041002,"Census Tract 410.02, Ramsey County, Minnesota",3124,39.7,1308,379,N,N,1374,182,52,64,11,22,28,2778,169,0,83,0,0,94,68611
27123041103,"Census Tract 411.03, Ramsey County, Minnesota",3178,36.7,1507,215,N,N,1371,115,108,0,61,13,68,2308,459,0,195,0,103,113,44159
27123041104,"Census Tract 411.04, Ramsey County, Minnesota",2943,47.4,1238,316,N,N,1249,63,40,0,17,0,46,2563,52,1,295,0,1,31,77308
27123041105,"Census Tract 411.05, Ramsey County, Minnesota",5179,47.4,2120,478,N,N,2263,342,67,0,0,30,150,4633,159,8,205,0,26,148,87839
27123041106,"Census Tract 411.06, Ramsey County, Minnesota",3492,39,1442,418,N,N,1657,52,104,4,11,0,111,2673,588,2,115,0,10,104,76795
27123041107,"Census Tract 411.07, Ramsey County, Minnesota",6055,30.9,2608,844,N,N,2613,264,72,0,22,12,44,4166,1080,0,415,0,17,377,45702
27123041200,"Census Tract 412, Ramsey County, Minnesota",4230,36.4,1761,422,N,N,1848,270,57,0,50,9,92,3429,454,28,140,0,77,102,48160
27123041301,"Census Tract 413.01, Ramsey County, Minnesota",3761,43.2,1645,340,N,N,1762,165,79,113,71,7,47,2913,245,40,343,0,71,149,76979
27123041302,"Census Tract 413.02, Ramsey County, Minnesota",4000,35.7,1514,257,N,N,1273,100,127,9,58,0,395,3358,43,25,275,0,22,277,60417
27123041400,"Census Tract 414, Ramsey County, Minnesota",5971,35.4,2502,598,21.1,25.7,2814,207,46,44,42,18,134,4941,592,30,389,0,0,19,63191
27123041500,"Census Tract 415, Ramsey County, Minnesota",4560,52.5,2029,361,N,N,1795,97,46,0,12,18,82,4008,283,40,117,0,0,112,69769
27123041601,"Census Tract 416.01, Ramsey County, Minnesota",6027,44.2,2552,573,23.5,30.8,3015,176,101,12,39,15,72,4890,549,0,526,0,0,62,62898
27123041602,"Census Tract 416.02, Ramsey County, Minnesota",3819,33.7,1653,444,N,N,1447,150,167,34,15,8,63,2517,252,5,877,0,16,152,47031
27123041700,"Census Tract 417, Ramsey County, Minnesota",2704,44.7,1323,288,N,N,1220,92,25,5,25,5,71,2445,107,13,60,0,14,65,64482
27123041800,"Census Tract 418, Ramsey County, Minnesota",3712,41.1,1579,382,N,N,1733,174,114,87,52,0,92,3241,193,36,194,0,10,38,60744
27123041900,"Census Tract 419, Ramsey County, Minnesota",3308,40.7,1418,356,N,N,1408,176,100,59,24,13,124,2895,180,0,42,10,99,82,80057
27123042001,"Census Tract 420.01, Ramsey County, Minnesota",2131,26.8,734,150,N,N,447,94,364,34,174,0,13,1370,57,0,652,0,7,45,47857
27123042002,"Census Tract 420.02, Ramsey County, Minnesota",2422,30.1,1056,213,N,N,914,104,215,12,141,0,52,1662,342,7,377,0,0,34,41632
27123042101,"Census Tract 421.01, Ramsey County, Minnesota",5510,41.7,2844,423,N,N,2748,368,193,0,77,0,36,3947,456,29,403,0,257,418,44167
27123042102,"Census Tract 421.02, Ramsey County, Minnesota",4487,36.5,1660,479,21.2,36.5,1958,282,46,7,53,27,104,3123,335,24,881,0,0,124,64474
27123042201,"Census Tract 422.01, Ramsey County, Minnesota",1595,33.9,523,171,17.1,39.4,697,160,45,0,0,0,16,1128,47,17,273,0,121,9,53781
27123042202,"Census Tract 422.02, Ramsey County, Minnesota",5498,35,1903,813,N,N,2441,408,69,0,36,8,130,3674,495,5,1039,0,27,258,59664
27123042301,"Census Tract 423.01, Ramsey County, Minnesota",2772,48.1,1150,261,N,N,1174,87,60,0,23,0,42,2343,0,0,335,0,8,86,70556
27123042302,"Census Tract 423.02, Ramsey County, Minnesota",4726,37.6,1769,567,N,N,2040,329,125,5,23,0,141,3430,187,16,789,0,112,192,56178
27123042401,"Census Tract 424.01, Ramsey County, Minnesota",6005,38.3,2558,602,N,N,2093,274,69,0,65,16,118,4092,910,0,641,0,21,341,45658
27123042402,"Census Tract 424.02, Ramsey County, Minnesota",5902,38.7,2274,564,N,N,2732,256,87,0,0,0,110,4181,221,29,1394,0,47,30,52027
27123042501,"Census Tract 425.01, Ramsey County, Minnesota",5198,39,2271,489,N,N,2394,199,158,0,15,48,96,4095,294,14,695,0,26,74,51307
27123042503,"Census Tract 425.03, Ramsey County, Minnesota",3173,43.5,1053,490,N,N,1684,158,24,0,16,0,32,2575,165,18,306,35,49,25,125024
27123042504,"Census Tract 425.04, Ramsey County, Minnesota",4187,40,1581,416,N,N,1812,113,49,0,57,0,33,2953,688,32,210,7,6,291,70335
27123042601,"Census Tract 426.01, Ramsey County, Minnesota",4540,35.5,1739,404,N,N,1944,265,68,8,28,0,71,3526,526,14,411,0,1,62,56550
27123042602,"Census Tract 426.02, Ramsey County, Minnesota",2078,42.6,950,223,N,N,822,48,30,5,37,0,23,1698,177,0,129,0,3,71,42273
27123042700,"Census Tract 427, Ramsey County, Minnesota",5380,38.8,2097,520,N,N,2423,288,44,13,12,0,109,4472,110,0,566,0,18,214,52315
27123042800,"Census Tract 428, Ramsey County, Minnesota",2291,27.3,855,245,N,N,491,14,82,0,12,22,18,533,928,17,771,0,9,33,19395
27123042900,"Census Tract 429, Ramsey County, Minnesota",3846,31.7,1802,292,N,N,1990,179,140,33,107,0,105,3158,543,1,50,12,11,71,64483
27123043000,"Census Tract 430, Ramsey County, Minnesota",6300,43.9,2772,654,N,N,2512,173,294,120,150,144,254,5684,164,0,205,0,101,146,98824
27123980000,"Census Tract 9800, Ramsey County, Minnesota",0,-,0,0,-,-,0,0,0,0,0,0,0,0,0,0,0,0,0,0,-
27139080100,"Census Tract 801, Scott County, Minnesota",2192,34.2,810,230,22,39,817,69,31,12,50,15,28,1463,61,64,243,0,5,356,45455
27139080201,"Census Tract 802.01, Scott County, Minnesota",2453,38,829,360,N,N,1160,85,47,0,3,10,100,2057,119,19,210,0,32,16,107723
27139080202,"Census Tract 802.02, Scott County, Minnesota",4735,35.7,1447,835,N,N,2142,75,5,0,17,0,208,3811,117,41,574,0,0,192,132202
27139080203,"Census Tract 802.03, Scott County, Minnesota",7619,35.5,2447,1030,N,N,4035,221,120,0,11,52,107,6147,435,0,692,0,173,172,84748
27139080204,"Census Tract 802.04, Scott County, Minnesota",2796,37,1202,374,N,N,1560,123,18,0,0,11,63,2506,62,0,98,0,48,82,81694
27139080205,"Census Tract 802.05, Scott County, Minnesota",8260,34.7,2581,1354,N,N,4109,417,99,0,9,74,445,7283,486,2,279,27,0,183,107351
27139080301,"Census Tract 803.01, Scott County, Minnesota",11202,32.6,4045,1515,N,N,5675,439,205,54,101,40,153,8397,402,121,1383,0,192,707,78716
27139080302,"Census Tract 803.02, Scott County, Minnesota",14737,31.3,4714,2453,N,N,7442,586,81,0,35,21,441,10921,661,55,2055,0,583,462,99327
27139080400,"Census Tract 804, Scott County, Minnesota",4073,33,1456,437,25.7,47.4,1757,300,47,0,57,74,42,3104,241,75,161,0,409,83,43438
27139080500,"Census Tract 805, Scott County, Minnesota",2834,41,841,159,N,N,958,75,73,5,9,21,34,2248,197,71,186,0,59,73,52372
27139080600,"Census Tract 806, Scott County, Minnesota",4535,33.7,1569,546,N,N,2476,260,15,0,0,0,47,3564,281,33,388,0,17,252,75491
27139080700,"Census Tract 807, Scott County, Minnesota",3047,31,919,434,22.6,47.2,1473,69,29,2,0,13,66,2352,152,0,216,0,269,58,78697
27139080800,"Census Tract 808, Scott County, Minnesota",8248,36.4,2829,1113,N,N,3927,218,3,11,52,30,300,7918,2,3,40,132,22,131,71917
27139080903,"Census Tract 809.03, Scott County, Minnesota",7453,37,2616,1063,N,N,3431,158,0,0,31,32,197,6233,156,233,534,0,10,287,112813
27139080904,"Census Tract 809.04, Scott County, Minnesota",7303,37.7,2905,1003,N,N,3598,172,63,0,90,0,82,6403,255,44,288,0,35,278,83047
27139080905,"Census Tract 809.05, Scott County, Minnesota",5112,40,1747,753,N,N,2555,109,35,23,10,6,92,4861,0,110,89,0,0,52,97104
27139080906,"Census Tract 809.06, Scott County, Minnesota",5055,40.8,1785,631,N,N,2609,227,93,8,1,27,110,4748,74,11,109,0,76,37,92625
27139081000,"Census Tract 810, Scott County, Minnesota",7972,42.6,2685,1104,N,N,3501,370,87,0,34,56,452,7711,169,0,64,0,10,18,109967
27139081100,"Census Tract 811, Scott County, Minnesota",10807,36.9,3562,1494,29.1,53.3,5360,472,42,0,27,46,296,10463,56,25,74,7,26,156,99455
27139081200,"Census Tract 812, Scott County, Minnesota",6120,38.1,2223,853,N,N,2893,422,2,22,64,4,165,6026,1,26,13,0,32,22,67798
27139081300,"Census Tract 813, Scott County, Minnesota",8576,34.2,3002,1131,28.8,48.1,3955,285,112,3,40,7,326,8287,11,62,105,0,10,101,72602
27163070103,"Census Tract 701.03, Washington County, Minnesota",5109,32.9,2020,723,24.8,67.9,2182,326,43,0,100,0,124,4527,119,24,247,0,0,192,46759
27163070104,"Census Tract 701.04, Washington County, Minnesota",3081,37.5,1195,343,N,N,1353,169,0,13,5,0,170,3001,0,23,0,0,15,42,51604
27163070105,"Census Tract 701.05, Washington County, Minnesota",3965,44.1,1513,413,N,N,1912,201,53,8,0,11,104,3869,10,0,9,0,15,62,89135
27163070106,"Census Tract 701.06, Washington County, Minnesota",6778,36,2271,1105,N,N,3336,413,73,0,13,46,240,6405,0,0,224,0,69,80,86337
27163070203,"Census Tract 702.03, Washington County, Minnesota",7839,33.5,2926,1134,32.4,46.9,4161,709,48,0,42,23,170,7036,222,84,214,0,186,97,72395
27163070204,"Census Tract 702.04, Washington County, Minnesota",6011,38,2125,799,N,N,2941,192,23,16,11,15,215,5807,31,28,0,0,40,105,88913
27163070205,"Census Tract 702.05, Washington County, Minnesota",3976,51.5,1500,315,N,N,1747,187,18,0,19,34,108,3887,23,27,0,0,13,26,82829
27163070206,"Census Tract 702.06, Washington County, Minnesota",3508,51.9,1386,324,N,N,1702,130,8,0,39,26,103,3376,4,0,83,0,0,45,92826
27163070301,"Census Tract 703.01, Washington County, Minnesota",1684,48.5,634,201,29.7,42.8,673,53,9,0,8,13,62,1640,3,2,35,0,0,4,126957
27163070303,"Census Tract 703.03, Washington County, Minnesota",5018,47.1,1939,611,24.3,76,2191,189,42,45,23,37,152,4729,39,31,123,0,2,94,99811
27163070304,"Census Tract 703.04, Washington County, Minnesota",4789,42.4,1766,615,N,N,2077,152,51,0,56,16,124,4571,60,0,60,0,2,96,74805
27163070403,"Census Tract 704.03, Washington County, Minnesota",3966,46.6,1440,461,N,N,1731,72,47,0,30,0,143,3903,3,8,14,0,7,31,105238
27163070404,"Census Tract 704.04, Washington County, Minnesota",3556,40.3,1237,429,N,N,1574,50,13,16,24,18,127,3376,37,10,52,0,25,56,109018
27163070405,"Census Tract 704.05, Washington County, Minnesota",4481,45,1499,585,N,N,2121,60,30,0,17,22,109,4263,0,0,168,0,7,43,121736
27163070406,"Census Tract 704.06, Washington County, Minnesota",3642,42.9,1358,445,N,N,1760,131,46,24,0,0,143,3546,0,0,49,0,0,47,84375
27163070501,"Census Tract 705.01, Washington County, Minnesota",3382,44.5,1213,476,N,N,1585,114,28,27,8,0,105,3266,3,0,62,0,21,30,101736
27163070502,"Census Tract 705.02, Washington County, Minnesota",4313,45.3,1833,497,N,N,2006,183,19,16,101,0,105,4218,14,16,5,0,0,60,61844
27163070601,"Census Tract 706.01, Washington County, Minnesota",6722,40.7,2551,1004,N,N,2891,354,3,0,58,18,127,5968,293,0,199,0,7,255,74775
27163070602,"Census Tract 706.02, Washington County, Minnesota",2742,40.4,1234,365,N,N,1434,81,0,0,43,36,20,2464,138,9,0,0,42,89,52500
27163070701,"Census Tract 707.01, Washington County, Minnesota",6754,45.4,2216,795,24.8,51.9,2688,229,54,2,49,14,183,6445,15,4,286,0,0,4,107000
27163070703,"Census Tract 707.03, Washington County, Minnesota",3351,42.5,1456,280,N,N,1649,47,2,8,42,0,81,2949,187,27,70,0,15,103,51818
27163070704,"Census Tract 707.04, Washington County, Minnesota",2544,43.7,1145,300,N,N,1132,79,12,0,82,0,19,2500,5,1,0,0,0,38,56708
27163070801,"Census Tract 708.01, Washington County, Minnesota",1055,33.4,0,0,-,-,0,0,0,0,0,0,0,363,460,129,40,0,10,53,-
27163070802,"Census Tract 708.02, Washington County, Minnesota",399,38.9,0,0,-,-,0,0,0,0,0,0,0,138,166,57,0,0,10,28,-
27163070906,"Census Tract 709.06, Washington County, Minnesota",4915,42.2,1969,658,N,N,2535,234,52,27,0,12,74,4093,321,15,278,0,0,208,73113
27163070907,"Census Tract 709.07, Washington County, Minnesota",5328,30.4,2068,708,N,N,2626,219,51,22,16,4,71,4193,543,78,360,0,16,138,60086
27163070909,"Census Tract 709.09, Washington County, Minnesota",5456,43.3,1976,689,N,N,2954,211,106,0,0,0,44,4514,277,7,453,0,18,187,95305
27163070910,"Census Tract 709.10, Washington County, Minnesota",5070,36.1,1914,543,N,N,2506,272,74,0,26,2,67,4185,329,6,378,0,130,42,59632
27163070911,"Census Tract 709.11, Washington County, Minnesota",4632,39.4,1943,621,N,N,2442,203,66,18,24,27,85,3670,440,0,295,0,58,169,61660
27163070912,"Census Tract 709.12, Washington County, Minnesota",3100,32.9,1283,339,N,N,1437,397,74,8,7,14,15,2092,447,0,347,15,49,150,37431
27163071001,"Census Tract 710.01, Washington County, Minnesota",4676,34.9,2104,514,N,N,2505,243,82,10,10,0,177,3803,216,36,460,0,32,129,59819
27163071003,"Census Tract 710.03, Washington County, Minnesota",3455,39.2,1374,324,N,N,1533,149,44,8,43,15,153,2775,226,0,231,0,30,193,60556
27163071006,"Census Tract 710.06, Washington County, Minnesota",4490,37.9,1890,585,N,N,2321,211,60,9,144,0,108,3649,265,6,444,20,27,79,73578
27163071010,"Census Tract 710.10, Washington County, Minnesota",5388,38.8,1968,751,N,N,2557,193,130,0,0,0,150,4352,250,9,575,34,0,168,100400
27163071011,"Census Tract 710.11, Washington County, Minnesota",3033,39.2,1004,468,N,N,1405,103,42,6,22,6,126,2847,39,9,51,0,0,87,111364
27163071012,"Census Tract 710.12, Washington County, Minnesota",5325,33.7,2325,819,N,N,2525,109,112,16,23,4,11,4110,565,55,181,0,15,399,70149
27163071013,"Census Tract 710.13, Washington County, Minnesota",5028,43.5,1899,562,N,N,2334,245,52,15,4,0,56,4370,144,9,328,0,41,136,86568
27163071014,"Census Tract 710.14, Washington County, Minnesota",4306,38.2,1365,742,N,N,1998,165,145,0,0,24,121,3607,78,0,486,0,37,98,117098
27163071015,"Census Tract 710.15, Washington County, Minnesota",6253,37.4,2415,944,N,N,3067,242,132,0,0,0,145,5059,347,0,454,0,171,222,102473
27163071016,"Census Tract 710.16, Washington County, Minnesota",4552,39.6,1456,842,N,N,1940,203,64,0,8,31,130,3834,96,0,427,0,96,99,148594
27163071017,"Census Tract 710.17, Washington County, Minnesota",6694,35.1,2501,1009,N,N,3134,455,189,0,11,0,128,5078,489,0,848,0,0,279,101573
27163071018,"Census Tract 710.18, Washington County, Minnesota",14799,33,4732,2430,N,N,7005,446,150,0,0,0,526,11729,1063,26,1514,37,34,396,119904
27163071101,"Census Tract 711.01, Washington County, Minnesota",3571,45.3,1424,383,N,N,1763,108,26,15,6,5,91,3486,11,6,25,4,8,31,76250
27163071102,"Census Tract 711.02, Washington County, Minnesota",4636,49.4,1771,520,N,N,2101,221,25,0,49,6,172,4404,1,3,131,0,32,65,99087
27163071206,"Census Tract 712.06, Washington County, Minnesota",10037,32.8,3148,1616,N,N,4507,515,151,14,40,12,152,8137,598,10,1051,0,81,160,93500
27163071207,"Census Tract 712.07, Washington County, Minnesota",7109,39.9,2438,1000,N,N,3797,287,61,18,23,0,115,6589,220,17,23,0,0,260,88889
27163071208,"Census Tract 712.08, Washington County, Minnesota",5067,32.5,1783,627,N,N,2393,241,51,0,43,0,114,3994,116,23,605,0,127,202,70368
27163071209,"Census Tract 712.09, Washington County, Minnesota",6128,33.1,1919,963,N,N,3192,292,40,0,10,10,108,5488,100,40,204,0,38,258,93775
27163071300,"Census Tract 713, Washington County, Minnesota",5317,33.8,2013,757,N,N,2623,295,42,16,33,0,72,4958,13,0,142,0,11,193,57639
27163071400,"Census Tract 714, Washington County, Minnesota",7073,38.3,2759,756,N,N,3467,437,106,2,10,8,52,6251,18,35,345,0,251,173,73688